InvoiceNo,InvoiceDate,CustomerID,Quantity,UnitPrice,Country
INV00000,2025-02-02,10233.0,12,3.85,Germany
INV00001,2025-10-06,10201.0,16,46.59,France
INV00002,2025-08-24,10278.0,13,62.57,China
CINV00003,2025-06-07,10288.0,-12,0.0,China
INV00004,2025-06-05,10211.0,9,0.0,Germany
INV00005,2025-11-06,10111.0,5,40.95,France
INV00006,2025-01-31,10179.0,6,0.0,UK
INV00007,2025-09-09,10127.0,15,20.4,France
INV00008,2025-03-14,10188.0,2,76.12,Germany
INV00009,2025-02-03,10243.0,2,33.5,Germany
INV00010,2025-07-09,10110.0,8,59.72,Germany
INV00012,2025-09-22,10013.0,13,87.99,China
INV00013,2025-10-02,10220.0,12,13.96,Germany
INV00014,2025-09-16,10146.0,11,13.2,France
INV00015,2025-10-10,,3,31.43,Germany
INV00016,2025-07-04,10159.0,7,44.26,UK
INV00017,2025-02-16,10064.0,2,31.26,Germany
INV00018,2025-10-30,10179.0,15,76.79,China
INV00019,2025-06-12,10223.0,15,26.04,China
INV00020,2025-06-30,10104.0,5,10.31,China
CINV00021,2025-05-14,10039.0,-6,42.55,China
INV00022,2025-03-07,10116.0,7,77.79,China
INV00024,2025-10-09,10112.0,10,73.87,China
CINV00025,2025-08-20,10188.0,-15,56.67,China
INV00026,2025-05-25,10034.0,9,72.97,France
INV00027,2025-10-24,,14,68.78,France
INV00028,2025-07-16,10067.0,11,0.0,China
INV00029,2025-06-09,10268.0,6,55.97,China
CINV00030,2025-06-12,10219.0,-17,77.52,China
INV00031,2025-03-23,10081.0,14,33.08,China
INV00032,2025-02-03,10168.0,15,66.09,China
INV00033,2025-07-19,10033.0,19,49.19,China
INV00035,2025-01-23,10286.0,2,10.83,UK
INV00036,2025-11-05,10240.0,12,67.29,Germany
INV00037,2025-10-25,10046.0,7,86.84,France
INV00038,2025-04-10,10084.0,9,15.86,China
INV00039,2025-08-16,10059.0,5,37.88,China
INV00040,2025-03-01,10118.0,8,6.77,UK
INV00041,2025-09-30,10087.0,8,0.0,China
INV00042,2025-09-10,10098.0,7,98.99,Germany
INV00043,2025-05-08,10158.0,15,50.36,UK
INV00044,2025-01-25,10056.0,12,36.84,Germany
INV00046,2025-06-10,10218.0,3,98.04,Germany
INV00048,2025-09-02,10050.0,4,73.12,China
INV00049,2025-10-08,10212.0,6,29.81,China
INV00050,2025-10-01,10250.0,8,0.0,UK
INV00051,2025-03-12,10052.0,3,68.96,Germany
INV00052,2025-05-12,10225.0,8,2.16,China
INV00053,2025-06-18,10107.0,6,68.22,China
INV00054,2025-06-29,10236.0,17,26.54,Germany
INV00055,2025-01-16,10143.0,17,75.12,UK
INV00056,2025-07-16,10240.0,1,77.44,China
CINV00057,2025-02-25,10044.0,-12,72.96,China
INV00058,2025-09-25,10116.0,13,4.4,UK
INV00059,2025-09-03,10082.0,8,70.97,UK
INV00061,2025-09-26,10092.0,16,25.78,China
INV00062,2025-05-12,10114.0,8,28.88,China
INV00064,2025-05-28,10212.0,8,17.72,China
INV00065,2025-04-28,10165.0,5,66.74,UK
INV00067,2025-05-14,10211.0,5,5.64,Germany
INV00068,2025-01-28,,3,56.27,UK
CINV00069,2025-06-19,10020.0,-19,58.44,UK
CINV00070,2025-10-14,10126.0,-3,31.74,Germany
INV00071,2025-03-10,10144.0,14,87.88,UK
INV00072,2025-06-16,10072.0,14,17.95,China
INV00073,2025-02-16,10234.0,12,37.69,China
INV00074,2025-09-05,10174.0,18,85.17,China
INV00075,2025-06-21,10224.0,1,20.68,UK
INV00076,2025-04-29,10032.0,6,82.49,UK
INV00077,2025-03-23,10244.0,4,9.75,China
INV00078,2025-07-23,10061.0,11,49.94,China
INV00079,2025-08-30,,13,9.38,China
INV00081,2025-06-07,10246.0,8,79.48,France
INV00082,2025-02-27,10083.0,5,85.29,China
INV00083,2025-10-27,10072.0,18,98.16,France
INV00084,2025-08-15,10101.0,13,67.86,Germany
INV00085,2025-09-10,10108.0,15,77.37,China
INV00086,2025-02-05,10054.0,9,51.56,China
CINV00087,2025-04-23,10052.0,-9,91.45,UK
INV00088,2025-10-04,10069.0,8,65.09,Germany
INV00089,2025-10-27,10140.0,15,88.59,China
INV00090,2025-06-06,10103.0,5,-5.0,China
INV00091,2025-10-17,10117.0,19,50.68,UK
INV00092,2025-10-31,10215.0,4,73.52,France
INV00093,2025-05-20,10072.0,9,21.87,France
INV00095,2025-04-14,10225.0,13,97.85,UK
INV00096,2025-03-28,10052.0,13,44.59,China
INV00097,2025-09-03,10094.0,18,19.82,France
INV00098,2025-08-18,,15,0.0,China
INV00099,2025-02-20,10081.0,5,0.0,Germany
INV00100,2025-10-27,10109.0,4,63.06,UK
INV00101,2025-03-13,,17,92.46,UK
INV00102,2025-10-17,10004.0,10,98.69,Germany
INV00103,2025-01-03,10131.0,2,65.87,Germany
INV00104,2025-10-14,10210.0,16,70.59,UK
INV00105,2025-10-11,10090.0,13,33.54,UK
INV00106,2025-10-08,10258.0,1,86.0,France
INV00107,2025-08-28,,15,23.34,China
INV00108,2025-06-19,10270.0,12,12.43,China
INV00109,2025-09-11,10070.0,12,97.38,UK
INV00110,2025-04-10,,17,0.0,France
INV00111,2025-10-09,10228.0,10,31.76,France
INV00112,2025-07-20,,9,68.17,Germany
INV00113,2025-06-15,10279.0,12,47.77,China
INV00114,2025-07-02,10109.0,4,33.67,China
INV00115,2025-07-24,10149.0,3,30.1,France
INV00116,2025-01-14,10188.0,17,15.33,China
INV00117,2025-02-20,10192.0,5,55.83,Germany
INV00118,2025-03-30,10007.0,10,45.77,France
INV00119,2025-02-11,10260.0,6,52.19,France
INV00120,2025-06-08,10187.0,5,23.11,China
INV00121,2025-08-29,10299.0,12,93.98,France
INV00122,2025-08-24,,16,64.58,China
INV00123,2025-06-19,10184.0,9,90.16,China
INV00124,2025-11-04,10132.0,3,12.71,China
INV00125,2025-07-23,10266.0,5,63.04,China
INV00126,2025-01-29,10249.0,4,0.0,UK
INV00127,2025-10-03,10272.0,17,34.43,UK
INV00128,2025-07-26,10151.0,7,21.12,China
INV00129,2025-08-17,10237.0,8,27.97,France
INV00130,2025-07-23,10107.0,2,28.75,Germany
INV00131,2025-07-19,10138.0,9,45.83,France
INV00132,2025-02-02,10228.0,18,33.94,UK
INV00133,2025-07-21,10024.0,8,28.58,Germany
INV00134,2025-10-14,10213.0,13,65.55,China
INV00135,2025-04-20,10004.0,4,7.2,China
INV00136,2025-08-06,10174.0,3,35.36,China
INV00137,2025-01-12,10143.0,14,69.6,UK
INV00138,2025-05-06,10140.0,2,19.23,Germany
INV00139,2025-06-07,10148.0,9,23.65,China
INV00141,2025-03-19,10122.0,1,2.09,UK
INV00142,2025-04-10,,11,48.43,China
INV00143,2025-05-28,,19,5.82,France
INV00145,2025-11-04,10165.0,16,99.49,China
INV00146,2025-01-13,10192.0,11,92.0,China
INV00147,2025-03-26,10250.0,14,23.08,China
INV00148,2025-10-23,10296.0,2,32.38,China
INV00149,2025-01-21,10032.0,17,47.44,France
INV00150,2025-11-05,10213.0,1,84.75,France
INV00151,2025-04-12,10067.0,18,80.66,China
INV00153,2025-04-16,10237.0,7,14.2,China
CINV00154,2025-06-06,10020.0,-1,42.84,China
INV00155,2025-08-27,10254.0,12,87.27,France
INV00156,2025-02-15,10231.0,2,88.44,France
INV00157,2025-07-20,,12,12.52,France
INV00158,2025-07-01,,15,58.28,China
INV00159,2025-10-10,10261.0,6,17.26,Germany
INV00161,2025-08-28,10266.0,5,91.81,UK
INV00162,2025-05-28,10048.0,5,46.57,Germany
INV00163,2025-05-27,10094.0,3,10.14,UK
CINV00164,2025-05-31,10038.0,-5,58.77,China
INV00165,2025-10-21,10120.0,13,42.03,China
INV00166,2025-04-26,10224.0,6,81.47,France
INV00167,2025-03-02,10080.0,15,35.35,China
INV00168,2025-05-01,10246.0,16,87.74,Germany
INV00169,2025-01-09,10181.0,15,28.82,Germany
INV00170,2025-02-08,10188.0,11,17.44,UK
INV00171,2025-02-02,,7,32.04,China
INV00172,2025-10-05,10129.0,18,5.42,UK
INV00173,2025-09-18,10103.0,4,29.56,China
INV00174,2025-09-08,10298.0,9,66.69,China
CINV00175,2025-06-16,10167.0,-9,15.94,Germany
INV00176,2025-09-16,10184.0,15,12.91,China
INV00177,2025-02-28,10088.0,11,14.97,UK
INV00179,2025-06-30,10050.0,18,87.71,UK
INV00181,2025-02-24,10058.0,17,6.56,Germany
INV00182,2025-06-29,10224.0,4,76.49,China
INV00183,2025-09-08,10017.0,18,74.24,UK
INV00184,2025-06-28,10188.0,4,99.7,China
INV00185,2025-06-10,10284.0,17,36.09,France
INV00186,2025-03-01,10229.0,8,29.98,China
INV00187,2025-05-18,10120.0,19,46.4,Germany
INV00188,2025-03-27,10017.0,3,85.94,China
INV00189,2025-04-19,10250.0,9,73.4,China
INV00190,2025-09-04,10000.0,18,48.22,China
INV00191,2025-08-15,10204.0,1,25.97,China
INV00192,2025-08-07,10201.0,6,0.0,China
INV00193,2025-05-11,10057.0,2,85.74,China
INV00195,2025-02-01,10052.0,8,67.52,Germany
INV00196,2025-05-04,10067.0,12,41.22,China
INV00197,2025-02-12,10243.0,5,48.89,France
INV00198,2025-05-03,10293.0,4,53.44,China
INV00200,2025-05-12,10276.0,18,97.8,China
CINV00202,2025-06-28,10230.0,-5,35.55,Germany
INV00203,2025-09-09,10042.0,4,38.61,Germany
INV00204,2025-06-14,10089.0,2,15.12,China
INV00205,2025-04-06,10203.0,19,0.0,Germany
INV00206,2025-10-03,10299.0,14,10.47,China
INV00208,2025-04-05,10126.0,6,18.4,China
CINV00209,2025-10-08,10070.0,-13,35.95,Germany
INV00210,2025-04-05,10288.0,2,79.77,China
INV00211,2025-09-16,10082.0,13,26.1,France
INV00212,2025-10-12,10102.0,12,61.97,China
INV00213,2025-06-11,10289.0,7,90.32,China
INV00214,2025-09-23,10168.0,14,57.56,China
INV00215,2025-04-09,10079.0,13,20.99,China
INV00216,2025-01-29,10001.0,9,35.79,Germany
INV00217,2025-02-04,10128.0,4,59.86,France
INV00218,2025-06-10,,1,51.65,France
INV00220,2025-02-15,10209.0,6,0.0,China
INV00221,2025-06-14,10075.0,6,55.22,UK
INV00222,2025-09-11,10232.0,13,28.2,China
INV00223,2025-03-14,10232.0,5,62.02,China
INV00224,2025-09-17,10182.0,8,8.88,UK
INV00225,2025-04-21,10231.0,14,34.99,China
CINV00226,2025-10-19,10173.0,-12,80.82,China
INV00227,2025-07-28,10113.0,13,27.41,China
INV00228,2025-07-16,10221.0,1,61.31,Germany
INV00229,2025-03-05,10250.0,9,42.18,China
INV00230,2025-06-16,,10,33.01,Germany
INV00231,2025-11-05,10063.0,13,91.78,China
INV00232,2025-01-08,10202.0,3,35.64,China
INV00233,2025-10-01,10001.0,4,25.19,China
INV00234,2025-06-27,10171.0,15,91.11,France
INV00235,2025-09-17,10171.0,13,75.1,China
CINV00236,2025-08-27,,-16,68.82,France
INV00237,2025-06-05,10298.0,6,6.85,China
INV00238,2025-04-22,10264.0,19,14.86,China
INV00239,2025-08-14,10011.0,6,64.56,China
INV00240,2025-02-20,,13,22.52,Germany
INV00241,2025-07-30,10062.0,4,24.11,China
INV00242,2025-02-04,10269.0,18,78.36,France
INV00243,2025-08-22,10155.0,7,30.02,UK
INV00244,2025-08-15,10218.0,16,9.02,France
INV00245,2025-01-31,10242.0,7,5.57,Germany
CINV00246,2025-09-30,10230.0,-16,45.43,Germany
INV00247,2025-05-30,10026.0,9,62.48,Germany
INV00248,2025-10-11,10042.0,2,87.15,China
INV00249,2025-01-15,10118.0,4,12.86,France
CINV00250,2025-03-06,10101.0,-13,21.27,UK
INV00251,2025-06-27,10224.0,4,53.92,China
INV00252,2025-03-09,10046.0,6,37.68,UK
INV00253,2025-04-29,10111.0,11,49.29,France
INV00254,2025-08-26,10070.0,5,92.56,China
INV00255,2025-02-22,10056.0,3,55.4,UK
INV00256,2025-09-01,10051.0,12,42.68,China
INV00257,2025-02-07,10058.0,14,98.97,China
INV00258,2025-03-05,10169.0,14,8.39,China
INV00259,2025-07-31,,18,93.35,Germany
INV00260,2025-10-13,10130.0,3,51.16,China
INV00261,2025-03-03,10143.0,9,51.37,UK
INV00262,2025-04-18,10222.0,5,92.35,China
INV00265,2025-07-29,,2,28.7,China
CINV00266,2025-06-10,10221.0,-14,66.56,France
INV00267,2025-05-05,10207.0,1,57.83,China
INV00268,2025-08-09,10040.0,6,23.01,UK
INV00269,2025-08-01,10294.0,14,71.52,Germany
INV00270,2025-04-17,,10,65.12,China
INV00271,2025-01-09,10123.0,15,40.94,China
INV00272,2025-02-24,10195.0,11,2.43,China
INV00274,2025-05-31,10072.0,11,2.59,Germany
INV00275,2025-06-23,10277.0,2,9.35,China
INV00276,2025-06-18,10021.0,2,44.2,China
INV00277,2025-10-09,10073.0,15,10.03,UK
INV00278,2025-01-24,10297.0,1,29.02,China
INV00279,2025-01-30,10218.0,8,66.24,France
INV00280,2025-04-10,,1,-5.0,France
INV00281,2025-06-25,10226.0,6,99.77,China
INV00282,2025-08-30,10290.0,12,0.0,Germany
INV00283,2025-06-26,10029.0,4,59.36,China
INV00284,2025-06-08,10124.0,9,96.76,China
INV00286,2025-02-27,10039.0,2,-5.0,Germany
INV00287,2025-07-25,10060.0,2,75.46,France
INV00288,2025-07-15,10052.0,6,15.41,Germany
INV00289,2025-06-20,10055.0,16,69.09,China
INV00290,2025-10-18,,8,50.13,France
INV00291,2025-04-07,10139.0,13,0.0,Germany
INV00293,2025-04-30,10086.0,14,95.63,China
INV00294,2025-07-16,10057.0,2,32.95,Germany
INV00295,2025-07-07,10238.0,14,19.78,France
INV00296,2025-11-02,10063.0,3,20.38,China
INV00297,2025-06-08,10272.0,17,0.0,UK
INV00298,2025-04-13,10161.0,6,84.58,China
INV00299,2025-01-08,10240.0,4,0.0,China
INV00300,2025-05-11,10190.0,7,44.81,China
INV00301,2025-10-25,10079.0,1,0.0,France
INV00302,2025-01-04,10180.0,4,6.51,China
INV00304,2025-07-15,10035.0,6,81.85,China
INV00305,2025-02-20,10076.0,7,73.51,Germany
INV00306,2025-04-19,10082.0,16,0.0,France
INV00307,2025-07-19,10040.0,3,60.28,China
INV00308,2025-04-24,10007.0,8,44.75,UK
INV00309,2025-02-09,10283.0,4,58.74,China
INV00310,2025-08-28,10154.0,10,52.72,China
INV00311,2025-08-31,10120.0,7,68.73,Germany
CINV00312,2025-02-12,10278.0,-1,51.76,France
INV00313,2025-04-12,,2,94.18,China
INV00314,2025-03-29,10120.0,17,43.95,Germany
INV00315,2025-08-26,10254.0,2,3.56,China
INV00316,2025-09-20,10189.0,15,25.16,Germany
INV00317,2025-09-19,10119.0,18,51.06,Germany
INV00319,2025-10-04,10010.0,6,56.13,China
INV00320,2025-04-26,10025.0,15,72.03,Germany
INV00321,2025-02-08,10048.0,19,28.92,Germany
INV00322,2025-08-10,10235.0,3,67.16,China
INV00325,2025-03-24,10234.0,3,41.41,China
INV00326,2025-03-27,10048.0,2,19.53,France
INV00327,2025-01-14,10063.0,14,42.57,China
INV00328,2025-02-20,10117.0,2,79.11,France
INV00329,2025-07-19,10275.0,12,91.08,China
INV00330,2025-07-16,10184.0,2,60.17,UK
INV00331,2025-05-14,10255.0,14,-5.0,Germany
CINV00332,2025-04-22,,-5,68.86,China
INV00333,2025-10-26,10254.0,2,74.53,Germany
INV00334,2025-06-15,10021.0,2,34.56,Germany
INV00335,2025-10-18,10068.0,4,83.0,China
INV00337,2025-04-25,10015.0,2,3.05,France
INV00338,2025-03-14,,16,14.05,France
INV00340,2025-08-17,10162.0,6,88.14,UK
INV00341,2025-04-15,,19,43.65,China
INV00342,2025-08-12,10029.0,13,28.94,China
INV00343,2025-07-05,10185.0,13,44.05,Germany
INV00345,2025-04-03,10227.0,14,31.54,China
INV00348,2025-03-07,10036.0,10,15.39,China
INV00349,2025-03-01,10234.0,13,77.99,France
INV00350,2025-07-11,10047.0,7,21.77,Germany
INV00351,2025-01-17,10281.0,1,0.0,France
INV00352,2025-04-18,10031.0,3,80.95,Germany
INV00353,2025-06-06,10218.0,17,14.28,China
INV00356,2025-02-24,10017.0,14,47.38,China
INV00358,2025-02-02,10056.0,1,4.28,France
INV00359,2025-09-27,10158.0,10,29.31,France
INV00360,2025-11-01,10295.0,12,51.53,Germany
INV00362,2025-03-22,10013.0,15,28.6,China
INV00364,2025-02-11,10048.0,16,66.9,France
INV00365,2025-07-06,10224.0,10,13.3,China
INV00366,2025-06-19,10186.0,16,30.75,China
INV00367,2025-04-24,10086.0,4,25.31,China
INV00368,2025-01-08,,1,45.37,Germany
INV00369,2025-10-05,10035.0,2,64.26,Germany
INV00370,2025-05-01,10296.0,19,44.48,China
CINV00371,2025-08-27,10071.0,-2,25.96,China
INV00372,2025-05-28,10092.0,18,70.2,China
INV00373,2025-05-15,10150.0,14,59.28,China
INV00375,2025-02-04,10151.0,17,56.33,China
INV00376,2025-09-23,10151.0,3,23.75,Germany
CINV00377,2025-09-26,10174.0,-3,68.68,France
INV00378,2025-05-17,10257.0,11,39.98,UK
INV00379,2025-04-05,10118.0,6,37.62,UK
INV00380,2025-01-02,10249.0,6,16.67,China
INV00383,2025-03-28,10273.0,1,35.35,France
INV00384,2025-01-12,10239.0,5,86.27,China
INV00385,2025-02-14,10074.0,11,-5.0,China
INV00386,2025-01-25,10232.0,10,12.69,China
INV00387,2025-10-27,10220.0,14,70.11,China
INV00389,2025-02-25,10203.0,13,99.97,Germany
INV00390,2025-09-26,10075.0,15,24.05,Germany
INV00391,2025-03-06,10156.0,8,29.49,UK
INV00392,2025-05-13,10239.0,5,45.33,China
INV00393,2025-08-04,10056.0,11,0.0,China
INV00394,2025-09-17,10101.0,11,0.0,China
INV00395,2025-11-11,10238.0,2,49.13,Germany
INV00396,2025-01-17,10136.0,11,23.65,Germany
INV00397,2025-03-12,10288.0,3,51.62,China
CINV00398,2025-04-11,10002.0,-11,89.1,UK
INV00399,2025-04-22,10216.0,18,79.65,China
INV00401,2025-10-07,10275.0,15,30.27,Germany
INV00402,2025-04-26,10047.0,6,19.63,UK
INV00404,2025-06-29,10117.0,16,71.6,UK
INV00405,2025-06-30,10105.0,18,58.07,China
INV00406,2025-06-06,10106.0,15,88.18,Germany
INV00407,2025-02-21,10191.0,13,13.93,France
INV00409,2025-01-06,10142.0,18,23.24,China
CINV00410,2025-03-04,10021.0,-17,13.82,UK
INV00411,2025-03-24,10295.0,8,47.63,China
INV00412,2025-04-11,10066.0,2,39.96,China
INV00413,2025-02-17,10028.0,1,94.24,UK
CINV00414,2025-01-07,10179.0,-5,33.75,UK
INV00415,2025-09-01,10123.0,2,81.86,UK
INV00417,2025-02-13,10262.0,3,67.46,China
INV00418,2025-04-17,10029.0,19,92.2,UK
INV00419,2025-07-02,10085.0,2,41.98,China
INV00421,2025-09-07,10236.0,7,17.77,China
INV00422,2025-10-03,10180.0,4,29.02,France
INV00423,2025-07-29,10114.0,14,88.22,Germany
INV00424,2025-05-31,10183.0,19,48.49,France
INV00425,2025-03-13,10293.0,16,35.45,China
INV00426,2025-11-08,10144.0,19,23.18,China
INV00427,2025-10-17,10265.0,12,49.53,China
INV00428,2025-01-10,10233.0,13,72.23,China
INV00429,2025-09-15,10090.0,3,30.1,Germany
INV00430,2025-01-31,10074.0,17,76.26,China
INV00431,2025-09-24,10231.0,15,63.72,Germany
INV00432,2025-10-25,10062.0,5,0.0,China
INV00433,2025-02-17,10101.0,7,26.59,China
INV00434,2025-06-06,10070.0,12,63.84,Germany
INV00435,2025-02-14,10181.0,1,17.07,China
INV00436,2025-07-24,10088.0,16,37.65,China
INV00438,2025-01-30,10280.0,2,63.9,China
CINV00439,2025-05-24,10248.0,-7,20.41,Germany
INV00441,2025-04-19,10007.0,6,7.23,China
INV00442,2025-02-17,10136.0,11,60.33,Germany
INV00443,2025-06-25,10066.0,16,98.41,Germany
INV00444,2025-07-03,10275.0,1,54.09,Germany
CINV00445,2025-08-27,10213.0,-15,80.47,China
INV00446,2025-04-23,10096.0,6,60.33,UK
INV00448,2025-07-07,10181.0,4,66.25,China
INV00449,2025-04-14,10148.0,3,69.73,UK
INV00452,2025-06-29,10135.0,19,25.32,UK
INV00453,2025-01-09,10104.0,13,98.1,China
INV00454,2025-08-03,10245.0,9,24.32,France
INV00455,2025-07-19,10259.0,4,25.2,Germany
INV00456,2025-02-23,10225.0,6,86.15,China
INV00457,2025-08-17,10009.0,13,25.81,China
INV00458,2025-10-30,10252.0,7,37.37,China
INV00459,2025-02-08,10118.0,10,72.03,UK
INV00460,2025-09-18,10124.0,4,17.56,China
INV00461,2025-02-20,10283.0,9,17.59,China
INV00462,2025-09-27,10260.0,5,49.66,Germany
INV00463,2025-05-31,10015.0,3,25.88,France
INV00464,2025-01-03,10107.0,3,25.09,China
INV00466,2025-03-01,10161.0,7,38.3,Germany
INV00467,2025-08-03,10077.0,2,33.19,France
INV00468,2025-03-07,10157.0,10,5.05,China
INV00470,2025-09-23,10066.0,1,63.41,Germany
INV00471,2025-10-17,10223.0,3,8.94,China
INV00472,2025-06-05,10220.0,9,33.07,Germany
INV00473,2025-06-18,10265.0,19,87.53,China
INV00474,2025-08-17,10089.0,5,59.05,France
INV00475,2025-10-10,10064.0,6,42.37,UK
INV00476,2025-11-01,10164.0,5,47.58,France
INV00477,2025-01-07,10159.0,7,22.41,UK
INV00478,2025-08-27,10122.0,14,81.56,UK
INV00479,2025-02-09,10233.0,7,91.57,China
INV00480,2025-04-14,,13,91.25,China
INV00481,2025-10-26,10073.0,18,23.95,UK
INV00482,2025-04-01,10238.0,18,32.45,UK
INV00483,2025-10-14,10069.0,11,17.74,UK
INV00484,2025-06-16,10122.0,14,32.11,France
INV00485,2025-03-25,10008.0,18,34.61,China
INV00486,2025-05-01,10102.0,15,64.04,UK
INV00487,2025-07-11,10287.0,6,20.59,UK
INV00488,2025-10-03,,3,92.1,Germany
INV00489,2025-08-07,10213.0,3,12.1,UK
INV00491,2025-11-09,10190.0,11,85.78,UK
INV00492,2025-09-29,10111.0,6,70.97,China
INV00493,2025-08-06,10223.0,7,36.83,UK
INV00494,2025-04-15,,6,60.36,China
INV00495,2025-05-29,10159.0,16,23.91,China
INV00496,2025-02-12,10030.0,12,18.5,China
INV00497,2025-05-15,10142.0,17,48.17,China
INV00499,2025-06-03,,9,62.29,UK
INV00500,2025-02-10,10018.0,3,23.38,Germany
INV00501,2025-08-23,10192.0,19,66.97,UK
INV00503,2025-11-09,10060.0,11,18.33,China
INV00504,2025-04-09,10005.0,8,6.3,France
INV00505,2025-06-13,10266.0,6,45.08,France
INV00506,2025-07-11,10251.0,19,77.85,Germany
INV00507,2025-03-31,10243.0,10,65.78,France
INV00508,2025-04-07,10017.0,13,70.78,France
INV00509,2025-03-27,10104.0,1,41.48,Germany
INV00511,2025-09-26,10173.0,16,54.11,France
INV00512,2025-10-30,10038.0,2,22.03,Germany
INV00513,2025-10-21,10042.0,2,73.17,China
INV00515,2025-02-07,,6,30.54,China
INV00516,2025-11-14,10050.0,6,0.0,France
INV00517,2025-01-24,10270.0,11,49.7,France
INV00518,2025-06-21,10203.0,4,60.88,China
INV00519,2025-08-02,10276.0,1,44.87,Germany
INV00520,2025-05-09,,1,92.11,China
INV00521,2025-02-22,10099.0,2,84.31,China
INV00522,2025-03-11,10248.0,4,88.15,UK
INV00523,2025-10-24,,14,63.69,China
INV00524,2025-04-25,10087.0,6,64.23,China
INV00525,2025-04-22,10063.0,2,0.0,China
INV00527,2025-02-21,,10,0.0,France
INV00530,2025-08-04,10114.0,2,2.73,Germany
INV00531,2025-03-01,10021.0,5,85.46,China
CINV00532,2025-02-26,10018.0,-10,6.55,Germany
INV00533,2025-04-13,10296.0,4,53.43,China
INV00534,2025-07-27,10026.0,19,0.0,China
INV00535,2025-02-25,10022.0,15,0.0,UK
INV00536,2025-06-14,10009.0,7,89.78,China
INV00537,2025-02-11,10039.0,19,20.63,China
INV00538,2025-07-14,10158.0,7,88.68,China
INV00539,2025-01-08,10248.0,3,76.77,France
INV00540,2025-09-13,10220.0,18,0.0,China
INV00541,2025-01-20,10174.0,19,16.77,China
INV00542,2025-03-12,10025.0,6,32.99,France
INV00543,2025-03-04,10232.0,12,41.0,China
CINV00544,2025-10-27,10011.0,-4,26.09,UK
INV00545,2025-01-20,10189.0,13,99.89,China
INV00546,2025-06-04,10122.0,14,24.51,France
INV00547,2025-08-01,10264.0,14,0.0,UK
INV00548,2025-07-05,10092.0,11,17.59,Germany
CINV00549,2025-09-03,,-14,98.06,Germany
INV00550,2025-10-17,10131.0,11,24.1,China
INV00551,2025-05-22,10156.0,16,43.33,France
INV00552,2025-10-26,10281.0,4,56.74,UK
INV00553,2025-04-25,10213.0,10,13.79,France
INV00555,2025-07-01,10134.0,11,28.92,Germany
INV00556,2025-09-22,,3,55.83,Germany
INV00557,2025-11-12,,7,55.86,China
CINV00558,2025-10-13,10050.0,-19,61.06,France
INV00559,2025-11-03,10140.0,2,7.44,UK
INV00560,2025-07-13,10020.0,13,0.0,Germany
INV00561,2025-01-16,10050.0,13,17.8,China
INV00562,2025-06-27,10126.0,10,31.6,Germany
INV00563,2025-03-07,10238.0,1,0.0,France
INV00565,2025-03-27,10078.0,6,52.27,China
INV00566,2025-03-24,10126.0,2,63.11,China
INV00567,2025-03-31,10046.0,2,37.03,China
INV00568,2025-08-20,10226.0,4,29.07,China
INV00569,2025-07-25,10073.0,4,51.31,UK
INV00571,2025-05-30,10252.0,13,-5.0,Germany
INV00572,2025-04-12,10206.0,1,46.37,China
INV00573,2025-01-18,10099.0,12,51.56,China
INV00574,2025-01-03,10285.0,3,98.46,UK
INV00575,2025-05-15,10205.0,9,23.89,China
INV00577,2025-07-08,10256.0,2,0.0,China
INV00579,2025-02-06,10023.0,9,72.3,UK
INV00580,2025-02-03,10264.0,9,19.1,China
INV00581,2025-10-28,10229.0,7,58.97,Germany
INV00582,2025-02-08,10061.0,12,42.84,China
INV00583,2025-01-19,10092.0,14,7.05,Germany
INV00584,2025-05-26,10225.0,14,93.44,China
CINV00586,2025-09-06,10135.0,-11,78.82,UK
INV00587,2025-02-05,10206.0,10,42.8,China
INV00588,2025-10-29,10195.0,5,93.86,China
INV00589,2025-10-31,10272.0,10,0.0,China
INV00590,2025-10-16,10033.0,1,42.4,China
INV00592,2025-03-28,10295.0,8,35.68,China
INV00594,2025-04-26,10074.0,19,99.49,China
INV00595,2025-10-16,,10,56.45,UK
INV00596,2025-07-28,,17,69.56,China
INV00597,2025-10-08,10166.0,10,65.06,Germany
INV00598,2025-08-15,10085.0,3,83.14,China
INV00599,2025-08-20,,1,86.46,UK
INV00600,2025-08-10,10133.0,3,57.2,China
INV00601,2025-10-08,10183.0,18,30.87,China
INV00602,2025-09-24,10046.0,10,4.23,France
CINV00603,2025-02-18,10187.0,-7,62.21,France
INV00604,2025-10-25,10277.0,9,82.9,Germany
INV00605,2025-07-12,10040.0,5,46.15,China
INV00606,2025-04-27,10098.0,17,18.14,China
INV00607,2025-07-05,10208.0,19,0.0,France
INV00609,2025-11-05,10202.0,14,83.99,Germany
INV00610,2025-10-28,10167.0,7,18.83,China
INV00611,2025-06-16,,1,61.99,China
INV00612,2025-10-10,10182.0,18,75.83,UK
INV00613,2025-05-19,10022.0,2,0.0,France
INV00614,2025-09-05,10225.0,4,13.44,China
INV00615,2025-08-19,10134.0,1,92.79,UK
INV00616,2025-03-31,10015.0,9,60.94,Germany
CINV00617,2025-04-06,10122.0,-12,77.14,China
INV00618,2025-01-23,10130.0,7,7.27,China
INV00619,2025-02-20,10026.0,2,51.6,France
INV00620,2025-06-06,10298.0,3,0.0,China
INV00621,2025-06-22,10066.0,18,32.07,Germany
INV00622,2025-03-01,10099.0,16,44.3,France
INV00623,2025-05-31,10132.0,18,56.32,China
INV00624,2025-08-06,10249.0,11,56.15,UK
INV00625,2025-03-25,10222.0,11,6.1,China
INV00626,2025-05-02,10231.0,15,45.07,China
INV00627,2025-05-13,,12,22.95,Germany
INV00628,2025-07-01,10253.0,9,91.84,Germany
INV00629,2025-05-12,10248.0,6,97.7,China
INV00630,2025-09-23,10139.0,10,-5.0,Germany
INV00631,2025-04-28,,2,19.17,UK
CINV00632,2025-06-06,10011.0,-4,23.51,France
INV00633,2025-05-17,10228.0,15,48.82,France
INV00634,2025-03-07,10288.0,17,87.7,China
INV00635,2025-09-04,10141.0,2,51.0,China
INV00636,2025-03-26,10162.0,2,0.0,Germany
INV00637,2025-04-17,10149.0,2,5.91,China
INV00638,2025-10-13,10024.0,16,24.28,France
INV00640,2025-08-30,10216.0,7,62.91,China
INV00642,2025-11-04,10278.0,19,33.26,China
INV00643,2025-06-23,10147.0,9,93.08,China
INV00644,2025-10-05,10287.0,16,34.46,Germany
INV00645,2025-04-29,10158.0,14,83.82,Germany
INV00646,2025-06-15,10192.0,3,89.8,China
INV00647,2025-07-12,10180.0,16,49.37,China
INV00649,2025-11-02,,12,29.13,China
INV00650,2025-06-26,10036.0,4,66.53,Germany
INV00651,2025-08-23,10021.0,17,10.62,Germany
INV00652,2025-03-14,10122.0,18,48.45,Germany
INV00653,2025-10-17,10154.0,8,23.3,UK
CINV00654,2025-07-19,10200.0,-2,8.15,Germany
INV00655,2025-07-11,10144.0,17,2.37,UK
INV00656,2025-10-03,10154.0,17,33.83,UK
INV00657,2025-08-16,10276.0,10,59.77,China
INV00658,2025-01-27,10100.0,12,46.61,China
INV00659,2025-04-14,10148.0,5,31.57,China
INV00660,2025-03-05,10167.0,2,99.14,China
INV00661,2025-09-22,10140.0,18,94.07,Germany
INV00662,2025-01-13,10290.0,10,14.31,China
INV00663,2025-03-14,10288.0,6,42.68,China
INV00664,2025-08-04,10153.0,14,65.59,China
INV00665,2025-09-08,10135.0,1,73.88,Germany
INV00666,2025-07-01,10176.0,2,37.9,Germany
INV00667,2025-11-06,10054.0,5,75.14,UK
INV00669,2025-02-17,10065.0,7,34.52,China
INV00671,2025-08-10,,7,63.32,Germany
INV00672,2025-08-18,10176.0,7,84.05,Germany
INV00673,2025-02-04,10000.0,10,6.59,Germany
INV00674,2025-08-12,10193.0,11,19.09,China
INV00675,2025-09-19,10129.0,17,6.75,UK
INV00676,2025-07-29,10109.0,16,20.83,Germany
INV00677,2025-01-31,10230.0,6,2.42,Germany
INV00678,2025-07-08,10161.0,18,0.0,Germany
INV00680,2025-09-18,10212.0,4,66.47,China
INV00681,2025-02-19,,7,0.0,France
INV00684,2025-03-02,10292.0,8,7.32,China
CINV00685,2025-10-16,10046.0,-3,86.88,UK
INV00686,2025-05-27,10031.0,4,4.22,China
INV00687,2025-08-02,10282.0,2,53.99,China
INV00688,2025-06-10,10290.0,14,89.7,Germany
INV00689,2025-10-09,10050.0,10,58.1,France
INV00691,2025-10-14,10187.0,13,68.8,UK
INV00694,2025-02-02,10118.0,3,88.27,UK
CINV00695,2025-04-02,10192.0,-12,97.47,Germany
INV00696,2025-09-17,10092.0,17,45.42,Germany
INV00697,2025-08-01,10123.0,15,35.76,China
INV00698,2025-01-19,10086.0,7,75.82,China
INV00699,2025-02-04,10227.0,8,55.2,China
INV00700,2025-07-07,10045.0,17,27.22,China
INV00701,2025-08-10,10069.0,1,18.87,UK
INV00702,2025-03-02,10074.0,10,18.68,China
INV00703,2025-03-03,10271.0,3,47.0,Germany
INV00704,2025-02-16,10283.0,17,18.67,China
INV00705,2025-07-23,10150.0,1,0.0,China
INV00706,2025-01-03,10046.0,1,7.1,China
INV00707,2025-07-26,10226.0,7,93.13,China
INV00708,2025-06-21,10147.0,4,9.15,Germany
INV00709,2025-06-17,10254.0,10,9.17,UK
INV00710,2025-09-02,10107.0,6,46.22,China
INV00711,2025-07-08,10299.0,7,26.02,UK
INV00712,2025-09-19,10242.0,11,96.34,Germany
INV00713,2025-10-03,10067.0,11,0.0,Germany
INV00715,2025-10-15,10086.0,10,45.98,China
INV00716,2025-07-06,,11,38.76,UK
INV00717,2025-06-27,10075.0,13,5.71,Germany
INV00718,2025-03-26,10204.0,4,30.7,China
INV00719,2025-08-04,10078.0,13,14.02,France
INV00720,2025-02-20,10191.0,17,12.03,China
INV00722,2025-11-01,10225.0,4,11.68,China
INV00723,2025-02-13,10298.0,7,12.09,UK
INV00724,2025-10-10,10002.0,6,49.09,China
INV00725,2025-02-12,10297.0,12,0.0,China
INV00726,2025-09-17,10032.0,17,15.49,Germany
INV00727,2025-02-01,10158.0,12,2.44,China
INV00728,2025-06-25,10102.0,3,20.91,UK
INV00729,2025-08-25,,6,25.12,Germany
INV00730,2025-09-20,10216.0,14,80.42,China
INV00731,2025-05-31,10257.0,7,91.71,China
INV00733,2025-10-06,10279.0,14,41.69,Germany
INV00734,2025-03-16,10096.0,7,71.82,UK
INV00735,2025-08-30,10061.0,13,63.44,China
INV00736,2025-09-20,,8,20.05,UK
INV00737,2025-05-01,10158.0,3,12.55,Germany
INV00738,2025-09-23,10200.0,8,44.89,Germany
INV00740,2025-10-22,10067.0,1,15.59,China
INV00741,2025-10-02,10090.0,17,30.74,UK
INV00742,2025-08-17,10281.0,11,31.98,UK
INV00743,2025-04-08,10131.0,1,27.61,China
INV00744,2025-10-14,10072.0,17,47.15,UK
INV00745,2025-05-12,10295.0,17,66.0,China
INV00746,2025-07-11,10134.0,1,51.92,China
INV00747,2025-04-24,10295.0,4,21.74,China
INV00748,2025-04-23,10275.0,7,0.0,China
INV00749,2025-02-26,10271.0,10,82.54,China
INV00751,2025-02-23,10239.0,9,8.09,China
INV00752,2025-02-01,10288.0,12,27.3,France
INV00754,2025-07-19,10011.0,13,75.67,Germany
INV00755,2025-06-07,10096.0,18,87.83,China
INV00756,2025-09-23,10191.0,10,61.0,France
INV00757,2025-05-18,10164.0,9,43.44,China
INV00758,2025-02-16,10024.0,6,43.81,France
INV00759,2025-09-20,10168.0,19,21.01,Germany
INV00760,2025-03-05,10052.0,1,65.78,China
INV00761,2025-07-19,10151.0,6,59.34,China
INV00764,2025-05-10,10123.0,10,38.11,Germany
INV00765,2025-10-08,,18,6.87,UK
INV00766,2025-08-09,10203.0,13,34.13,UK
INV00767,2025-06-22,10224.0,11,87.25,China
INV00768,2025-02-20,10242.0,10,91.86,France
INV00769,2025-05-16,10100.0,4,50.06,China
INV00770,2025-08-23,10127.0,11,95.72,China
INV00772,2025-01-02,10158.0,19,82.87,UK
INV00773,2025-09-16,10038.0,11,0.0,France
INV00774,2025-11-01,10129.0,18,39.42,China
INV00776,2025-06-02,10159.0,10,58.58,China
INV00777,2025-02-12,10255.0,9,72.53,France
INV00778,2025-04-08,10295.0,3,19.42,UK
INV00779,2025-11-03,10133.0,6,73.68,China
INV00780,2025-11-13,10016.0,17,95.84,China
INV00781,2025-08-18,,3,31.66,Germany
INV00782,2025-02-14,10031.0,8,98.64,China
INV00783,2025-02-13,10227.0,14,0.0,Germany
INV00784,2025-06-22,10295.0,5,21.57,China
INV00785,2025-07-31,10166.0,19,13.0,China
INV00786,2025-01-12,10053.0,13,78.93,China
INV00787,2025-09-04,10006.0,1,56.37,UK
INV00788,2025-07-16,,5,0.0,China
INV00789,2025-01-05,10094.0,15,61.63,China
INV00790,2025-02-04,10033.0,17,34.55,France
INV00791,2025-06-13,10053.0,18,45.94,UK
INV00792,2025-09-18,10076.0,17,86.54,China
INV00793,2025-10-25,10196.0,2,67.48,China
INV00794,2025-06-05,10267.0,14,76.72,Germany
INV00795,2025-04-17,10082.0,3,59.18,China
INV00797,2025-06-15,10019.0,14,25.66,China
INV00798,2025-04-24,10003.0,10,27.7,China
INV00799,2025-06-09,10016.0,13,11.07,China
INV00800,2025-01-05,10276.0,17,56.29,France
INV00801,2025-04-19,10174.0,2,62.11,China
CINV00802,2025-07-05,10241.0,-11,73.14,China
INV00804,2025-09-23,10006.0,9,3.2,France
CINV00805,2025-10-09,10254.0,-10,63.96,China
INV00806,2025-07-16,10030.0,10,99.87,Germany
INV00807,2025-02-09,10046.0,18,30.87,Germany
INV00808,2025-05-21,10155.0,1,20.03,China
INV00810,2025-01-16,10068.0,16,43.69,UK
INV00811,2025-11-13,10133.0,16,26.59,China
INV00812,2025-09-04,10202.0,8,36.0,China
INV00813,2025-04-13,10132.0,10,0.0,China
INV00814,2025-10-08,10114.0,8,35.81,China
INV00815,2025-10-29,10021.0,5,40.81,Germany
INV00816,2025-01-16,,17,5.92,UK
INV00817,2025-02-08,10240.0,10,91.96,UK
INV00818,2025-08-28,10188.0,14,41.87,China
INV00820,2025-01-09,10037.0,15,10.48,China
INV00821,2025-08-28,10003.0,13,64.15,Germany
INV00822,2025-02-19,10164.0,19,86.65,China
INV00823,2025-08-23,10053.0,3,6.03,UK
CINV00824,2025-08-13,,-11,16.24,UK
INV00825,2025-02-02,10271.0,10,16.35,China
INV00826,2025-09-03,10101.0,11,61.02,Germany
INV00828,2025-11-07,10204.0,9,44.9,France
INV00829,2025-01-11,10045.0,6,35.69,China
INV00830,2025-03-30,10269.0,12,77.05,China
INV00831,2025-03-28,,5,74.77,Germany
INV00832,2025-06-13,10242.0,9,-5.0,China
INV00833,2025-02-21,10197.0,12,17.76,Germany
INV00834,2025-11-04,10042.0,2,37.07,China
INV00835,2025-10-07,10217.0,15,78.01,Germany
INV00836,2025-10-19,10058.0,14,70.12,France
CINV00837,2025-03-13,10179.0,-2,67.25,China
INV00838,2025-01-06,10287.0,2,83.28,China
INV00840,2025-04-15,10261.0,6,35.29,China
INV00841,2025-08-25,10148.0,17,6.15,Germany
INV00843,2025-01-14,10090.0,7,-5.0,China
INV00844,2025-01-02,10276.0,6,31.22,France
INV00845,2025-01-02,10143.0,13,8.8,Germany
INV00846,2025-02-26,10231.0,3,72.89,Germany
INV00847,2025-01-19,10107.0,8,75.38,China
INV00848,2025-10-23,10222.0,7,67.29,China
INV00849,2025-08-07,10067.0,3,21.97,China
INV00851,2025-10-16,10013.0,11,75.81,UK
INV00853,2025-03-27,10105.0,2,65.79,China
INV00854,2025-04-14,10144.0,17,90.63,Germany
INV00855,2025-11-02,10213.0,17,92.97,France
INV00856,2025-03-30,10107.0,14,60.37,Germany
INV00857,2025-01-21,,18,42.83,China
INV00858,2025-08-29,10097.0,9,37.65,UK
INV00859,2025-10-16,10131.0,16,82.27,China
INV00862,2025-02-13,10074.0,4,15.93,China
INV00863,2025-10-05,10183.0,11,90.22,China
INV00864,2025-11-01,10189.0,18,88.68,Germany
INV00865,2025-09-09,10232.0,19,95.28,UK
INV00866,2025-10-23,,9,43.93,China
INV00867,2025-10-29,10243.0,5,78.84,France
INV00868,2025-06-10,10066.0,15,83.17,China
INV00869,2025-01-15,10213.0,2,32.94,China
INV00870,2025-06-14,10013.0,3,16.24,China
INV00871,2025-03-14,10030.0,11,99.71,Germany
INV00872,2025-02-10,10259.0,19,4.96,China
INV00873,2025-02-14,10142.0,7,60.54,China
INV00874,2025-09-09,10186.0,9,65.72,Germany
INV00875,2025-07-01,10181.0,7,68.82,Germany
INV00876,2025-07-14,10208.0,9,27.05,France
INV00877,2025-09-26,10073.0,1,72.71,France
INV00878,2025-07-17,10053.0,12,23.21,China
INV00879,2025-08-15,10012.0,12,83.25,China
CINV00880,2025-01-31,10259.0,-6,23.47,China
INV00881,2025-11-03,10067.0,6,70.28,Germany
INV00882,2025-06-11,10172.0,15,78.77,China
INV00883,2025-02-25,10136.0,4,20.52,China
INV00884,2025-10-20,10048.0,1,25.32,China
INV00885,2025-09-22,10124.0,1,78.35,China
INV00886,2025-01-20,10024.0,17,10.43,UK
INV00887,2025-03-11,10053.0,7,20.69,Germany
INV00888,2025-01-06,10041.0,2,46.64,China
INV00889,2025-04-08,10247.0,17,93.16,Germany
INV00890,2025-02-05,10170.0,3,57.06,Germany
CINV00891,2025-09-13,10277.0,-7,39.99,China
INV00892,2025-07-08,10130.0,1,97.88,China
CINV00894,2025-09-27,10182.0,-14,44.51,China
CINV00895,2025-08-09,10278.0,-15,42.34,Germany
INV00896,2025-07-03,10159.0,5,32.59,Germany
INV00897,2025-01-20,10005.0,7,33.92,France
INV00898,2025-01-26,10091.0,18,69.41,UK
INV00899,2025-08-10,10277.0,16,6.0,France
INV00900,2025-01-02,10155.0,1,68.82,Germany
INV00901,2025-01-16,10285.0,14,21.72,China
CINV00902,2025-03-20,10152.0,-16,0.0,Germany
INV00904,2025-06-15,,13,56.17,UK
INV00905,2025-09-13,10228.0,1,73.48,France
INV00906,2025-05-29,10214.0,1,36.76,China
INV00907,2025-03-04,10291.0,1,18.01,France
INV00908,2025-05-14,10058.0,4,24.2,UK
INV00909,2025-02-03,10271.0,19,82.18,Germany
CINV00910,2025-10-05,10069.0,-13,28.23,Germany
INV00911,2025-03-08,10291.0,15,0.0,Germany
INV00912,2025-05-16,10057.0,6,34.46,Germany
INV00914,2025-08-02,10236.0,4,73.28,China
INV00915,2025-06-15,10023.0,18,47.92,France
INV00916,2025-07-15,10020.0,1,5.07,UK
INV00917,2025-10-10,10254.0,1,96.07,UK
INV00918,2025-04-02,10018.0,2,16.48,China
INV00919,2025-08-18,10184.0,16,36.63,China
INV00920,2025-11-11,10281.0,5,39.71,China
INV00921,2025-07-26,10184.0,9,49.96,France
CINV00922,2025-06-10,10144.0,-9,78.97,Germany
INV00923,2025-02-22,10125.0,16,2.6,UK
INV00924,2025-03-31,10191.0,7,93.38,China
INV00926,2025-07-14,10150.0,8,95.16,France
INV00927,2025-04-19,10046.0,6,0.0,China
INV00928,2025-05-31,,14,92.93,UK
INV00929,2025-07-28,10221.0,15,60.9,Germany
INV00930,2025-07-13,10212.0,2,37.02,China
INV00931,2025-09-09,10022.0,16,45.41,China
INV00932,2025-04-03,10210.0,2,66.49,UK
CINV00933,2025-08-22,10218.0,-12,43.84,Germany
CINV00934,2025-06-09,10055.0,-8,73.7,France
INV00936,2025-02-26,10157.0,10,83.34,China
INV00937,2025-02-23,10141.0,6,22.01,France
INV00938,2025-06-16,10216.0,16,94.51,UK
INV00939,2025-07-03,10152.0,19,17.24,China
INV00940,2025-09-06,10163.0,16,14.66,France
INV00941,2025-05-26,10093.0,9,81.56,China
INV00943,2025-06-20,10290.0,9,74.4,China
INV00944,2025-02-16,10039.0,16,96.13,UK
INV00945,2025-02-12,10219.0,11,28.51,China
INV00947,2025-02-18,10110.0,8,36.5,Germany
INV00949,2025-04-11,10052.0,11,45.67,France
INV00950,2025-02-03,10113.0,14,2.57,UK
INV00951,2025-04-20,10065.0,9,58.3,China
INV00952,2025-08-10,10218.0,16,75.26,China
INV00953,2025-06-04,10139.0,16,19.11,UK
INV00954,2025-10-10,10177.0,9,93.3,China
INV00955,2025-08-08,10282.0,18,0.0,China
INV00956,2025-05-25,,4,19.47,UK
INV00957,2025-08-17,10220.0,18,65.3,UK
INV00959,2025-05-29,10064.0,11,8.23,Germany
INV00960,2025-02-25,10284.0,6,69.16,UK
INV00961,2025-05-28,10257.0,9,12.85,Germany
INV00962,2025-10-30,10197.0,7,12.41,Germany
INV00963,2025-03-20,10113.0,14,74.51,France
INV00965,2025-07-31,10255.0,16,81.36,Germany
CINV00966,2025-08-05,10235.0,-18,80.02,China
INV00967,2025-04-25,10072.0,11,15.86,Germany
INV00969,2025-01-13,10185.0,14,11.47,China
INV00970,2025-04-18,10143.0,4,63.99,China
INV00971,2025-05-31,10278.0,15,8.17,France
INV00972,2025-06-21,10037.0,5,94.56,China
INV00973,2025-06-20,10077.0,13,22.36,China
INV00974,2025-02-23,10028.0,6,68.92,China
INV00975,2025-03-23,10207.0,15,14.57,China
INV00976,2025-02-04,10193.0,16,22.54,France
INV00977,2025-07-26,10296.0,4,46.19,China
INV00978,2025-05-07,10162.0,12,58.16,China
INV00979,2025-07-23,10045.0,10,99.89,France
INV00980,2025-08-01,10135.0,6,4.54,China
INV00981,2025-09-10,,12,2.03,China
INV00982,2025-07-16,10201.0,19,36.34,France
INV00983,2025-08-22,10202.0,1,37.88,Germany
INV00984,2025-07-31,10257.0,19,88.62,France
INV00985,2025-08-23,10101.0,17,91.43,France
INV00986,2025-08-10,10093.0,11,88.29,UK
INV00987,2025-04-24,10021.0,12,16.03,China
INV00988,2025-03-30,10124.0,8,42.39,France
INV00989,2025-10-11,10142.0,3,75.1,France
INV00990,2025-05-04,10226.0,11,32.64,China
INV00991,2025-07-17,10226.0,16,67.0,UK
INV00992,2025-03-12,10042.0,5,25.24,China
INV00993,2025-06-05,,14,33.7,UK
INV00994,2025-07-10,10153.0,15,86.32,Germany
INV00995,2025-08-14,10100.0,15,26.55,Germany
INV00996,2025-07-09,10007.0,7,96.5,China
INV00997,2025-05-10,10253.0,8,32.01,UK
INV00999,2025-07-04,10156.0,17,26.98,China
INV01000,2025-10-18,10095.0,18,18.78,China
INV01001,2025-09-23,10252.0,8,51.67,France
INV01002,2025-07-20,10010.0,19,13.05,China
INV01004,2025-02-16,10240.0,8,87.74,Germany
INV01006,2025-11-03,10075.0,12,18.51,Germany
CINV01007,2025-07-01,10195.0,-13,41.2,China
INV01008,2025-09-22,10056.0,19,79.02,UK
INV01009,2025-07-07,10034.0,14,59.97,UK
INV01010,2025-04-07,10105.0,1,11.91,China
INV01011,2025-10-15,,11,54.64,Germany
INV01012,2025-03-30,,15,47.87,Germany
INV01013,2025-04-24,10146.0,10,34.06,UK
INV01014,2025-07-06,10084.0,9,12.8,China
INV01015,2025-10-29,10042.0,16,98.15,Germany
INV01016,2025-05-19,10081.0,12,-5.0,UK
INV01017,2025-06-27,10045.0,13,20.89,China
INV01018,2025-01-15,10056.0,9,16.27,Germany
INV01019,2025-02-11,10206.0,6,57.88,China
INV01020,2025-01-21,10039.0,10,45.48,Germany
INV01021,2025-01-26,10014.0,19,26.46,China
INV01022,2025-11-09,10162.0,12,44.08,UK
INV01023,2025-10-31,10085.0,14,68.01,China
INV01024,2025-10-23,10136.0,3,29.61,China
INV01025,2025-01-21,,19,91.69,France
INV01026,2025-01-28,10062.0,5,32.02,France
INV01027,2025-04-12,10132.0,19,21.42,Germany
INV01028,2025-07-23,,9,95.55,France
INV01029,2025-05-01,10124.0,18,81.43,China
INV01030,2025-06-25,10162.0,17,35.63,Germany
INV01031,2025-03-04,10156.0,15,84.46,China
INV01032,2025-09-21,10080.0,18,52.84,China
INV01033,2025-04-24,10083.0,12,35.98,UK
INV01034,2025-01-24,10127.0,17,84.28,France
CINV01035,2025-09-25,10009.0,-4,75.71,China
INV01037,2025-01-06,10184.0,11,61.45,UK
INV01038,2025-06-07,10091.0,16,38.2,China
INV01039,2025-10-25,10112.0,15,2.1,China
INV01040,2025-09-12,10098.0,11,96.26,China
CINV01041,2025-11-05,10195.0,-10,55.86,China
CINV01042,2025-05-30,10227.0,-12,60.65,China
INV01043,2025-05-15,10032.0,17,60.79,UK
INV01044,2025-09-13,10123.0,16,55.96,China
INV01045,2025-02-25,10004.0,3,30.42,Germany
INV01046,2025-03-28,10135.0,12,97.21,France
INV01047,2025-08-05,10074.0,8,62.92,Germany
INV01048,2025-08-29,10100.0,16,67.75,France
INV01049,2025-02-13,10136.0,10,46.57,Germany
INV01050,2025-07-02,,19,30.21,Germany
INV01051,2025-05-12,10118.0,9,8.31,Germany
INV01052,2025-06-30,10229.0,13,36.32,France
INV01054,2025-01-28,10001.0,18,66.88,France
INV01056,2025-06-11,10254.0,8,31.67,Germany
INV01057,2025-10-05,10159.0,16,34.62,France
INV01058,2025-06-02,10061.0,19,67.7,China
INV01059,2025-04-22,10178.0,10,16.63,UK
INV01060,2025-10-05,10043.0,10,93.08,China
INV01061,2025-09-05,10006.0,1,37.66,China
INV01062,2025-02-21,10189.0,19,11.92,UK
INV01063,2025-09-11,10154.0,1,19.12,China
INV01064,2025-09-29,10226.0,1,93.41,China
INV01065,2025-05-20,10103.0,9,0.0,China
INV01067,2025-08-19,10126.0,4,17.3,China
INV01068,2025-05-01,10221.0,12,21.02,Germany
INV01069,2025-01-04,10030.0,14,88.17,France
CINV01070,2025-08-31,10029.0,-6,16.51,Germany
INV01071,2025-03-17,10234.0,16,3.84,UK
INV01072,2025-09-30,,12,51.12,France
INV01073,2025-07-09,10282.0,5,86.55,China
INV01074,2025-06-18,10097.0,14,33.95,UK
CINV01075,2025-02-28,10006.0,-12,14.56,Germany
INV01076,2025-09-14,10293.0,16,98.26,China
INV01077,2025-03-01,,3,68.32,China
INV01078,2025-05-31,10074.0,5,85.37,Germany
INV01079,2025-10-29,10229.0,6,75.71,China
INV01083,2025-07-20,10236.0,11,72.26,China
INV01084,2025-03-14,10150.0,11,72.24,France
INV01085,2025-10-30,10189.0,17,95.16,China
INV01086,2025-10-16,10080.0,9,57.73,China
INV01088,2025-08-23,10294.0,3,49.97,China
INV01089,2025-02-20,,7,62.14,Germany
INV01090,2025-07-01,10221.0,13,43.82,Germany
INV01091,2025-06-11,10012.0,9,79.53,China
INV01092,2025-10-31,10109.0,9,59.29,UK
INV01093,2025-05-22,10133.0,10,2.92,China
INV01094,2025-04-29,10287.0,19,57.84,China
INV01095,2025-01-29,10164.0,19,64.09,France
INV01096,2025-10-28,10160.0,4,91.7,Germany
INV01097,2025-09-29,10044.0,3,42.54,Germany
INV01098,2025-01-15,10238.0,5,0.0,China
INV01099,2025-06-06,10100.0,17,48.55,China
INV01100,2025-06-22,10027.0,9,0.0,Germany
INV01101,2025-06-18,10296.0,17,8.6,China
INV01103,2025-02-24,10004.0,11,91.22,UK
INV01104,2025-04-21,10023.0,6,0.0,Germany
CINV01105,2025-03-07,10135.0,-7,56.54,China
INV01106,2025-03-29,10030.0,3,7.64,China
INV01109,2025-01-17,10097.0,6,71.49,China
INV01110,2025-08-16,10000.0,1,6.62,China
CINV01111,2025-03-25,,-16,71.67,France
INV01112,2025-03-11,10045.0,18,30.12,Germany
INV01113,2025-04-16,10293.0,10,65.87,China
INV01114,2025-03-11,,11,63.46,China
INV01115,2025-06-26,10142.0,18,24.23,Germany
INV01117,2025-07-31,10039.0,12,83.89,Germany
INV01118,2025-09-18,10062.0,9,61.35,China
INV01119,2025-06-27,10015.0,10,8.74,France
INV01120,2025-01-06,10217.0,10,45.41,UK
INV01121,2025-01-31,10283.0,14,32.55,Germany
INV01122,2025-04-07,10295.0,12,64.88,China
INV01123,2025-03-29,10079.0,10,62.23,Germany
INV01124,2025-10-30,10236.0,2,3.02,China
INV01125,2025-10-31,10151.0,18,61.55,China
INV01126,2025-11-04,10013.0,17,74.02,China
INV01127,2025-08-18,10027.0,4,77.34,UK
INV01128,2025-07-20,,6,7.78,China
INV01129,2025-08-22,10127.0,19,31.76,UK
INV01130,2025-05-27,10002.0,7,43.28,Germany
INV01131,2025-08-30,10279.0,16,19.62,Germany
INV01132,2025-10-13,10219.0,15,43.23,China
INV01133,2025-10-02,10150.0,17,8.97,Germany
INV01134,2025-08-09,10296.0,1,13.1,China
INV01135,2025-01-21,10291.0,10,0.0,China
INV01136,2025-09-18,,11,27.73,China
INV01137,2025-05-12,10077.0,16,71.72,China
INV01138,2025-09-25,10264.0,5,6.71,Germany
INV01139,2025-07-14,,6,57.14,China
INV01140,2025-11-14,10217.0,4,40.36,China
INV01141,2025-05-02,10257.0,15,80.1,UK
INV01143,2025-11-01,10134.0,3,38.8,China
INV01144,2025-04-30,10038.0,5,0.0,China
INV01145,2025-06-23,10083.0,6,24.3,China
INV01146,2025-07-11,10124.0,17,58.88,Germany
INV01147,2025-10-04,10256.0,9,9.96,China
INV01148,2025-09-06,10258.0,6,44.59,China
INV01149,2025-11-03,10116.0,7,19.91,Germany
INV01150,2025-05-14,10098.0,12,88.57,China
INV01151,2025-07-01,10159.0,8,45.6,UK
INV01152,2025-06-05,10273.0,3,59.9,UK
INV01154,2025-04-20,10068.0,9,30.3,China
INV01155,2025-07-31,10055.0,5,21.89,China
INV01156,2025-02-13,10212.0,14,91.36,China
INV01157,2025-11-03,,15,80.35,China
INV01158,2025-05-19,10059.0,3,15.06,Germany
INV01159,2025-05-03,10009.0,2,75.18,China
INV01160,2025-07-29,10120.0,1,43.02,China
INV01161,2025-06-29,10117.0,15,3.51,China
INV01162,2025-11-02,10168.0,12,53.78,UK
INV01163,2025-07-11,10060.0,16,14.74,UK
INV01164,2025-07-06,10214.0,12,22.57,China
INV01165,2025-02-07,10204.0,8,70.21,Germany
INV01166,2025-01-08,10138.0,12,27.2,China
INV01167,2025-05-24,10054.0,14,89.41,Germany
INV01170,2025-08-15,10111.0,18,62.29,China
CINV01171,2025-08-16,10079.0,-16,87.15,China
INV01172,2025-05-21,10151.0,19,37.45,UK
INV01173,2025-03-05,10106.0,8,55.82,China
INV01174,2025-01-04,10120.0,3,52.56,China
INV01175,2025-05-02,10104.0,10,90.57,France
INV01176,2025-04-24,,15,18.16,France
INV01177,2025-03-10,10215.0,15,58.65,Germany
INV01178,2025-04-04,10138.0,8,75.93,France
INV01179,2025-01-09,10139.0,6,38.26,Germany
INV01180,2025-08-07,10195.0,9,87.02,China
INV01182,2025-09-06,10030.0,2,18.98,France
INV01183,2025-06-11,10255.0,7,59.24,UK
INV01184,2025-06-01,10016.0,5,43.22,China
INV01185,2025-04-21,10171.0,16,3.49,China
INV01186,2025-02-21,10079.0,9,8.84,France
INV01187,2025-08-04,10064.0,2,21.14,China
INV01188,2025-07-23,10012.0,5,77.39,China
INV01189,2025-01-03,10270.0,1,89.42,France
INV01190,2025-05-30,,10,55.47,Germany
INV01191,2025-04-11,10102.0,19,12.35,China
INV01192,2025-03-03,10222.0,11,54.37,China
INV01193,2025-09-11,10011.0,17,85.85,China
CINV01194,2025-07-09,,-15,75.45,France
INV01195,2025-08-17,10148.0,17,30.53,China
INV01196,2025-09-14,10166.0,6,14.14,China
INV01198,2025-10-16,10285.0,5,85.7,China
INV01199,2025-08-12,10071.0,9,7.26,China
INV01200,2025-11-13,10203.0,13,82.72,China
INV01201,2025-06-21,10224.0,6,0.0,Germany
INV01203,2025-10-02,10039.0,3,76.34,China
INV01204,2025-08-23,10089.0,1,54.56,China
INV01206,2025-07-05,10271.0,19,90.58,China
INV01207,2025-09-17,10281.0,5,84.25,China
INV01208,2025-04-13,10067.0,9,7.65,China
INV01210,2025-08-13,10045.0,15,77.68,France
INV01211,2025-10-09,,1,55.95,China
INV01212,2025-06-15,10124.0,10,98.33,France
INV01213,2025-11-09,10214.0,3,69.23,France
INV01214,2025-01-27,10205.0,5,12.21,China
INV01215,2025-02-11,,5,21.43,China
INV01216,2025-07-02,10146.0,12,82.97,China
INV01217,2025-09-21,10102.0,4,99.68,China
CINV01218,2025-10-19,10158.0,-5,11.64,Germany
INV01219,2025-06-08,10048.0,5,11.83,China
INV01220,2025-08-22,10033.0,7,76.81,France
INV01221,2025-07-19,10155.0,13,8.31,China
INV01223,2025-08-24,10159.0,7,89.1,France
INV01224,2025-05-31,10234.0,10,80.44,Germany
INV01226,2025-02-08,,1,65.75,UK
CINV01228,2025-02-25,10104.0,-18,0.0,China
INV01229,2025-04-14,10004.0,12,31.27,China
INV01230,2025-10-23,10022.0,11,29.0,China
INV01231,2025-09-22,10278.0,14,88.87,Germany
INV01233,2025-09-27,10079.0,7,89.78,China
INV01234,2025-08-18,10077.0,7,17.28,France
INV01235,2025-05-05,10011.0,4,95.33,China
INV01236,2025-01-02,10283.0,16,62.05,Germany
CINV01237,2025-02-14,10032.0,-7,67.47,China
INV01238,2025-04-18,10227.0,6,91.58,France
INV01239,2025-01-15,10072.0,19,39.31,Germany
INV01240,2025-07-02,10100.0,10,72.52,China
INV01241,2025-10-07,10082.0,12,64.75,Germany
INV01243,2025-06-26,10009.0,6,89.9,France
INV01244,2025-11-12,10105.0,14,68.65,Germany
INV01246,2025-11-06,10081.0,3,19.95,Germany
INV01247,2025-06-17,10057.0,16,95.49,UK
INV01248,2025-04-28,,8,96.93,France
INV01250,2025-03-29,10125.0,7,5.61,France
INV01251,2025-05-29,10115.0,11,39.48,China
INV01252,2025-01-27,10294.0,15,76.45,France
CINV01253,2025-10-13,10101.0,-17,75.78,France
INV01254,2025-08-22,10102.0,4,10.42,China
INV01255,2025-01-31,10098.0,13,61.73,China
INV01256,2025-03-21,10098.0,18,16.0,China
INV01257,2025-07-19,10026.0,13,50.33,China
INV01258,2025-07-14,10181.0,3,25.49,China
INV01259,2025-10-16,10007.0,4,7.21,China
INV01260,2025-04-06,10067.0,4,9.84,Germany
INV01262,2025-06-10,10087.0,15,74.98,China
INV01263,2025-10-24,10226.0,19,93.32,Germany
INV01264,2025-03-27,10179.0,10,48.06,China
INV01265,2025-01-14,10297.0,12,0.0,China
INV01266,2025-01-20,10105.0,15,37.12,France
INV01267,2025-05-15,10278.0,8,62.4,UK
INV01269,2025-01-18,10151.0,12,75.13,China
INV01270,2025-05-13,10239.0,6,0.0,China
INV01271,2025-02-09,10159.0,2,87.83,UK
INV01273,2025-09-01,10094.0,16,53.65,France
INV01274,2025-10-02,10009.0,2,23.9,Germany
INV01275,2025-09-14,,5,5.68,China
INV01276,2025-08-25,10020.0,5,71.37,China
INV01277,2025-10-06,10229.0,16,55.8,France
INV01278,2025-01-03,10220.0,10,72.94,UK
INV01279,2025-11-08,10253.0,11,10.59,China
INV01280,2025-09-24,10143.0,13,99.56,Germany
INV01281,2025-09-24,10268.0,6,99.45,China
INV01282,2025-05-22,10050.0,14,47.57,UK
CINV01283,2025-10-16,10130.0,-1,86.87,China
INV01284,2025-05-18,10036.0,3,25.87,France
INV01285,2025-01-18,10230.0,16,74.28,China
CINV01287,2025-03-26,10241.0,-4,81.84,Germany
INV01288,2025-02-06,10229.0,9,81.55,China
INV01289,2025-08-12,10092.0,1,47.38,France
INV01290,2025-03-26,,13,82.36,UK
INV01291,2025-11-05,,15,69.69,UK
INV01292,2025-06-09,10147.0,6,0.0,China
INV01293,2025-01-02,,7,13.19,France
INV01295,2025-07-05,10298.0,8,-5.0,Germany
INV01296,2025-04-05,10133.0,6,52.9,China
INV01297,2025-09-01,10231.0,5,90.91,Germany
INV01298,2025-07-11,10010.0,9,66.64,China
INV01299,2025-01-11,10027.0,17,40.82,China
INV01300,2025-10-01,10082.0,15,42.57,China
INV01301,2025-05-25,10196.0,6,61.31,China
INV01302,2025-09-09,10040.0,18,76.51,China
INV01304,2025-08-08,10200.0,18,51.86,France
INV01305,2025-08-30,,6,73.24,Germany
INV01306,2025-04-02,10221.0,11,71.12,China
INV01307,2025-03-27,10239.0,4,83.37,France
INV01308,2025-05-30,10240.0,15,8.13,UK
INV01309,2025-11-04,10180.0,7,75.99,UK
INV01310,2025-07-08,10155.0,17,52.35,France
INV01311,2025-05-06,10257.0,2,9.32,UK
INV01312,2025-10-08,10104.0,10,68.54,Germany
INV01313,2025-11-04,,4,72.22,UK
INV01315,2025-04-18,10082.0,8,79.79,China
INV01316,2025-09-13,10293.0,13,31.42,UK
INV01317,2025-08-01,10124.0,17,21.79,France
INV01318,2025-06-11,10255.0,11,36.37,France
INV01319,2025-05-23,10012.0,2,42.18,UK
INV01320,2025-02-11,10197.0,5,70.2,China
INV01321,2025-04-09,10134.0,5,84.86,China
INV01322,2025-07-17,10138.0,18,72.65,Germany
INV01324,2025-11-08,10291.0,10,37.89,UK
INV01325,2025-03-09,,17,17.52,UK
CINV01326,2025-09-02,10255.0,-5,69.3,France
INV01327,2025-01-31,10127.0,13,26.32,UK
INV01328,2025-09-01,10014.0,8,53.49,China
INV01329,2025-05-04,10263.0,5,79.6,UK
INV01330,2025-06-11,10055.0,5,67.75,China
INV01331,2025-09-16,10081.0,8,31.24,Germany
INV01332,2025-06-02,,7,34.62,China
INV01333,2025-10-18,10268.0,5,66.03,Germany
INV01334,2025-07-12,10275.0,7,55.85,China
INV01336,2025-08-18,10227.0,19,87.65,Germany
INV01337,2025-04-17,10098.0,8,52.24,France
INV01338,2025-10-07,10222.0,3,48.39,China
INV01339,2025-05-27,10150.0,11,21.45,Germany
INV01340,2025-07-12,10015.0,17,38.95,China
INV01341,2025-02-19,10125.0,7,34.62,China
INV01342,2025-02-12,10140.0,17,28.53,China
INV01343,2025-07-26,10077.0,12,57.61,Germany
INV01344,2025-03-09,10112.0,15,47.3,France
INV01346,2025-11-05,10014.0,1,94.25,France
INV01347,2025-09-10,10045.0,7,23.51,Germany
INV01348,2025-09-22,10230.0,18,11.81,France
INV01349,2025-08-03,10105.0,16,78.96,UK
INV01350,2025-01-22,10182.0,15,99.5,China
INV01351,2025-05-22,10169.0,17,86.63,China
INV01352,2025-06-28,10165.0,8,0.0,China
INV01354,2025-03-21,,18,6.25,Germany
INV01355,2025-06-28,10247.0,11,82.44,China
INV01356,2025-05-04,10289.0,6,58.98,UK
INV01357,2025-02-18,10077.0,6,52.34,UK
INV01358,2025-02-07,10200.0,17,56.34,China
INV01359,2025-05-12,10290.0,2,-5.0,China
INV01360,2025-01-30,10002.0,2,60.96,China
CINV01361,2025-01-25,10235.0,-15,5.01,China
INV01362,2025-05-07,10149.0,1,65.31,UK
INV01363,2025-03-14,10290.0,4,73.97,Germany
INV01364,2025-07-19,10173.0,19,67.96,China
INV01365,2025-01-07,10251.0,9,34.55,China
INV01366,2025-04-19,10049.0,14,82.97,China
INV01367,2025-06-13,10042.0,10,72.12,China
INV01369,2025-08-17,10157.0,4,21.12,Germany
INV01370,2025-11-14,10167.0,15,64.44,Germany
INV01371,2025-05-04,10050.0,2,30.36,UK
INV01372,2025-06-11,10068.0,12,13.7,China
INV01373,2025-06-01,10245.0,7,17.19,France
INV01377,2025-09-28,10079.0,12,19.29,Germany
INV01378,2025-07-01,10049.0,7,71.82,China
INV01379,2025-07-14,10278.0,8,29.54,China
INV01381,2025-04-13,10034.0,1,23.9,UK
INV01382,2025-05-05,10105.0,5,78.95,Germany
INV01384,2025-05-20,10114.0,12,50.26,China
INV01385,2025-03-26,10216.0,2,6.12,China
INV01386,2025-07-21,10078.0,15,27.54,China
INV01387,2025-04-28,10017.0,11,17.49,Germany
CINV01390,2025-04-21,10054.0,-19,96.71,France
INV01391,2025-07-10,10244.0,9,59.67,France
INV01393,2025-09-25,10020.0,6,85.04,China
CINV01394,2025-03-19,10152.0,-12,0.0,China
INV01395,2025-08-01,,1,78.16,China
INV01396,2025-08-12,10088.0,10,13.43,China
INV01397,2025-08-24,10077.0,1,84.4,China
INV01398,2025-01-10,10020.0,1,53.86,China
INV01399,2025-04-18,,9,7.99,China
INV01400,2025-11-04,10113.0,15,83.66,China
INV01401,2025-03-28,10035.0,17,4.68,UK
INV01402,2025-04-18,10119.0,2,15.56,France
INV01403,2025-04-27,10281.0,5,80.19,China
INV01404,2025-03-05,10078.0,9,47.56,UK
INV01405,2025-02-25,,11,88.38,China
INV01406,2025-05-05,10077.0,19,64.27,China
INV01407,2025-11-11,10055.0,14,63.11,France
INV01408,2025-01-01,10078.0,11,30.64,China
INV01409,2025-04-12,,2,15.1,China
INV01410,2025-01-22,10036.0,2,96.19,China
INV01411,2025-07-22,10176.0,3,12.27,Germany
INV01412,2025-04-01,10100.0,13,53.84,Germany
INV01413,2025-10-13,10215.0,7,28.71,China
INV01414,2025-07-30,10147.0,5,27.89,China
INV01415,2025-10-10,10132.0,13,60.27,China
INV01416,2025-08-17,10141.0,16,80.2,Germany
CINV01417,2025-06-07,10046.0,-9,78.16,China
INV01418,2025-11-06,10213.0,17,87.14,UK
INV01419,2025-06-21,10031.0,14,30.7,France
INV01422,2025-08-01,10229.0,4,75.19,China
INV01423,2025-08-31,10136.0,15,31.63,China
INV01424,2025-04-03,10094.0,19,57.03,China
INV01425,2025-10-21,10261.0,19,18.59,China
INV01426,2025-08-30,10077.0,11,82.3,France
INV01428,2025-04-07,10231.0,17,87.99,China
INV01429,2025-10-11,10276.0,17,6.5,China
INV01430,2025-06-19,10276.0,18,0.0,Germany
INV01431,2025-03-08,10026.0,16,26.28,China
INV01432,2025-03-03,10269.0,8,32.32,China
INV01433,2025-07-22,10034.0,14,26.43,UK
INV01434,2025-04-26,10175.0,8,28.22,France
INV01435,2025-02-06,,16,56.16,UK
INV01436,2025-06-03,10196.0,16,0.0,China
INV01437,2025-08-24,10284.0,18,40.59,China
INV01438,2025-04-25,10103.0,12,66.25,China
INV01440,2025-10-08,10097.0,4,69.89,China
INV01441,2025-07-04,10106.0,13,-5.0,China
INV01443,2025-06-05,10135.0,10,81.98,France
INV01444,2025-02-20,10221.0,13,5.65,France
INV01445,2025-01-13,10124.0,17,27.89,Germany
INV01448,2025-09-24,10165.0,14,38.1,China
INV01449,2025-02-07,10269.0,16,65.9,China
INV01450,2025-04-16,10257.0,15,36.01,China
INV01451,2025-01-15,10075.0,16,46.66,Germany
INV01452,2025-01-19,10143.0,17,46.88,China
INV01453,2025-03-30,10211.0,19,6.47,UK
INV01454,2025-07-25,10183.0,12,44.16,China
INV01455,2025-01-24,10020.0,5,64.82,China
INV01457,2025-06-13,10011.0,14,9.38,Germany
INV01458,2025-04-05,10034.0,2,67.47,China
INV01459,2025-07-05,10196.0,15,32.27,Germany
INV01460,2025-10-12,10030.0,11,3.41,China
INV01461,2025-04-23,10101.0,18,17.25,China
INV01462,2025-01-18,,5,50.76,France
INV01463,2025-01-19,10196.0,18,32.42,Germany
INV01464,2025-11-03,10133.0,9,70.05,China
INV01465,2025-02-10,10028.0,11,25.58,China
INV01466,2025-08-17,10239.0,13,77.73,Germany
INV01467,2025-05-19,,12,30.07,China
INV01468,2025-10-07,10266.0,18,62.84,UK
INV01469,2025-01-22,10224.0,4,80.32,Germany
INV01471,2025-09-09,10262.0,19,6.59,China
INV01472,2025-06-11,10146.0,5,54.47,France
INV01473,2025-03-16,10040.0,5,99.55,China
INV01475,2025-04-19,10096.0,14,23.66,China
INV01476,2025-06-26,10281.0,19,76.06,China
INV01477,2025-05-22,10110.0,16,35.81,UK
INV01478,2025-03-24,10260.0,16,17.71,France
INV01479,2025-05-30,,9,67.26,Germany
INV01480,2025-02-24,10140.0,13,51.09,Germany
INV01481,2025-01-01,10089.0,5,54.84,Germany
INV01482,2025-04-15,10250.0,9,83.08,Germany
INV01483,2025-02-10,10018.0,4,34.98,France
INV01484,2025-05-30,10140.0,1,67.38,Germany
INV01485,2025-11-07,,17,37.89,France
INV01486,2025-02-28,,16,6.19,China
INV01487,2025-01-01,10076.0,10,39.05,UK
INV01488,2025-02-09,10199.0,1,95.1,China
INV01489,2025-07-02,10115.0,2,49.36,China
INV01490,2025-04-09,10056.0,3,0.0,UK
INV01491,2025-06-26,10059.0,14,69.41,China
CINV01492,2025-01-11,10208.0,-4,96.41,China
CINV01493,2025-04-30,10078.0,-5,90.98,China
INV01494,2025-05-28,,17,58.05,China
INV01495,2025-06-05,10188.0,17,38.88,UK
INV01496,2025-07-18,10098.0,15,58.91,France
INV01497,2025-10-09,10116.0,6,81.96,China
INV01498,2025-06-18,10073.0,12,86.4,UK
INV01499,2025-10-30,10103.0,4,82.25,Germany
INV01500,2025-07-10,10207.0,17,46.64,UK
INV01501,2025-04-04,10160.0,2,13.65,China
INV01502,2025-03-24,10299.0,15,57.78,China
INV01503,2025-04-27,10231.0,10,17.33,China
INV01504,2025-08-04,10005.0,15,7.97,China
INV01505,2025-03-29,10113.0,9,50.87,France
INV01507,2025-06-22,10176.0,15,85.71,Germany
INV01508,2025-11-07,,12,0.0,Germany
INV01509,2025-09-03,10289.0,9,86.01,China
INV01510,2025-05-01,10089.0,8,76.49,China
INV01511,2025-03-24,10156.0,7,70.92,Germany
INV01512,2025-09-25,10036.0,10,2.99,UK
INV01513,2025-04-30,10272.0,5,63.36,China
INV01514,2025-03-30,,6,13.81,UK
INV01516,2025-06-23,10105.0,1,17.33,Germany
INV01517,2025-01-18,10017.0,18,82.68,China
INV01518,2025-06-28,10213.0,5,74.9,France
INV01519,2025-06-15,10128.0,4,94.98,France
INV01520,2025-11-08,10297.0,3,0.0,China
INV01521,2025-09-14,10209.0,19,89.54,UK
CINV01522,2025-03-10,10161.0,-10,15.03,UK
INV01523,2025-02-24,10296.0,7,88.08,China
INV01524,2025-08-06,10240.0,8,84.19,France
INV01525,2025-01-18,10137.0,2,-5.0,Germany
INV01526,2025-04-25,10005.0,6,16.87,France
INV01527,2025-02-19,10027.0,5,13.45,France
INV01528,2025-01-08,10133.0,16,92.53,China
INV01530,2025-02-02,10009.0,9,38.12,China
INV01531,2025-01-04,10037.0,16,46.69,UK
INV01533,2025-03-09,10225.0,10,4.02,UK
INV01534,2025-10-21,10008.0,5,99.42,China
INV01535,2025-01-12,10152.0,7,87.91,China
INV01536,2025-02-25,10024.0,5,91.41,UK
INV01537,2025-02-09,10217.0,13,29.89,Germany
INV01538,2025-09-12,10250.0,6,23.57,China
INV01539,2025-08-12,10260.0,12,43.73,China
INV01540,2025-06-21,10179.0,13,46.43,China
INV01541,2025-03-28,10188.0,18,2.55,China
INV01542,2025-02-01,10277.0,8,78.37,China
INV01543,2025-07-24,10183.0,19,99.67,Germany
INV01544,2025-03-25,10133.0,8,53.81,China
INV01545,2025-08-01,10226.0,13,40.05,China
INV01546,2025-09-05,10177.0,13,40.49,China
INV01547,2025-11-02,10252.0,16,11.42,China
INV01548,2025-06-27,10157.0,9,28.08,UK
CINV01549,2025-01-02,10260.0,-16,51.21,China
INV01550,2025-04-12,10013.0,7,44.32,China
INV01551,2025-11-04,10010.0,10,0.0,Germany
INV01552,2025-07-11,10029.0,10,85.21,UK
INV01553,2025-08-11,10166.0,14,24.07,France
INV01554,2025-06-14,10212.0,12,4.71,France
INV01555,2025-02-28,10064.0,2,5.75,UK
INV01557,2025-10-06,10258.0,15,57.91,UK
INV01559,2025-11-04,10194.0,19,0.0,France
INV01560,2025-04-15,10146.0,13,64.24,UK
INV01561,2025-04-02,10126.0,2,41.51,UK
INV01562,2025-03-31,10006.0,10,17.14,China
INV01564,2025-07-20,10269.0,6,34.58,China
INV01565,2025-06-13,10101.0,18,87.26,Germany
INV01567,2025-08-06,10211.0,5,24.17,Germany
INV01570,2025-01-29,10207.0,14,92.02,China
INV01571,2025-05-11,10028.0,18,6.93,China
CINV01572,2025-09-22,,-4,3.26,Germany
INV01573,2025-10-20,10266.0,19,19.93,Germany
INV01574,2025-02-23,10213.0,11,81.47,France
INV01575,2025-04-25,10229.0,3,53.3,China
INV01576,2025-07-17,,18,63.33,France
INV01577,2025-10-15,10059.0,7,37.06,Germany
INV01578,2025-02-10,10082.0,12,8.73,China
INV01579,2025-08-05,10087.0,14,85.9,China
INV01580,2025-04-17,10058.0,1,20.81,China
INV01581,2025-03-19,10291.0,5,5.24,China
INV01582,2025-07-05,10049.0,14,58.13,China
INV01583,2025-05-30,10212.0,7,10.16,China
INV01584,2025-08-17,10176.0,1,11.38,China
INV01585,2025-04-25,10183.0,1,80.44,China
CINV01586,2025-10-24,10064.0,-16,50.18,China
INV01587,2025-01-29,10092.0,3,25.67,France
INV01588,2025-11-07,10181.0,2,36.17,Germany
INV01589,2025-01-11,10089.0,11,0.0,China
INV01590,2025-09-22,10208.0,3,8.5,Germany
INV01591,2025-05-05,10011.0,13,13.42,Germany
INV01592,2025-05-19,10021.0,11,62.39,China
INV01593,2025-01-07,10218.0,13,61.48,China
INV01594,2025-09-10,10185.0,10,97.3,China
INV01595,2025-03-01,10012.0,15,38.71,Germany
INV01596,2025-08-26,,13,0.0,China
INV01597,2025-09-19,10001.0,8,0.0,China
INV01598,2025-11-01,10286.0,1,64.56,Germany
INV01599,2025-09-12,10218.0,6,15.68,UK
INV01600,2025-04-19,10296.0,3,56.18,China
INV01601,2025-09-23,10284.0,1,21.38,Germany
INV01602,2025-10-25,10093.0,6,84.78,China
INV01603,2025-04-25,10226.0,4,83.85,France
INV01604,2025-02-14,10063.0,2,44.1,France
INV01606,2025-02-23,10072.0,10,98.02,China
INV01607,2025-08-02,10145.0,4,0.0,China
INV01608,2025-03-27,10261.0,6,38.04,France
INV01609,2025-02-15,10130.0,1,60.83,China
INV01610,2025-10-07,10027.0,1,10.31,UK
INV01611,2025-02-21,10097.0,3,39.5,China
INV01612,2025-08-30,10235.0,9,27.59,China
INV01613,2025-09-07,10156.0,13,95.3,China
INV01614,2025-01-22,,15,42.34,China
INV01615,2025-03-04,10129.0,12,76.74,France
INV01616,2025-10-13,10087.0,12,39.9,China
INV01617,2025-07-02,10179.0,18,14.92,Germany
INV01618,2025-02-13,10189.0,5,86.59,Germany
INV01620,2025-04-06,10185.0,18,7.48,Germany
INV01621,2025-01-02,10298.0,11,37.71,UK
INV01623,2025-01-06,10023.0,3,35.49,China
INV01624,2025-07-19,10117.0,17,8.5,UK
INV01626,2025-07-28,10000.0,5,26.01,China
INV01627,2025-07-30,10054.0,2,2.53,Germany
INV01628,2025-05-20,10228.0,14,54.41,China
INV01629,2025-02-15,10105.0,9,0.0,Germany
CINV01630,2025-07-26,10044.0,-6,30.17,China
INV01632,2025-02-02,10082.0,19,73.06,China
INV01633,2025-11-13,10052.0,9,27.82,Germany
INV01634,2025-05-30,10030.0,2,34.26,China
INV01635,2025-07-13,10229.0,6,26.2,Germany
CINV01636,2025-03-01,10247.0,-3,0.0,China
INV01637,2025-08-12,10148.0,14,20.67,Germany
INV01638,2025-03-07,10184.0,16,19.95,China
INV01639,2025-04-09,10275.0,16,45.61,China
INV01640,2025-09-17,10252.0,13,20.55,China
INV01641,2025-01-19,10009.0,15,17.36,UK
INV01642,2025-06-10,10285.0,8,11.4,China
INV01643,2025-08-03,10020.0,12,64.74,Germany
INV01644,2025-02-17,10007.0,3,61.98,China
INV01645,2025-04-17,10120.0,11,65.72,France
INV01646,2025-05-04,10223.0,11,77.78,China
INV01647,2025-08-27,10024.0,1,33.98,China
INV01649,2025-10-29,10078.0,14,73.85,China
INV01650,2025-03-10,10119.0,7,80.86,China
INV01651,2025-01-07,10295.0,11,72.65,China
INV01652,2025-01-19,10099.0,6,37.13,Germany
INV01653,2025-08-03,,6,29.74,UK
INV01654,2025-02-26,10036.0,3,43.41,China
INV01655,2025-03-25,10059.0,7,11.51,UK
INV01656,2025-11-02,10039.0,16,46.23,China
INV01657,2025-11-11,10172.0,18,6.23,China
INV01658,2025-10-30,10126.0,13,2.39,China
INV01659,2025-04-02,10149.0,12,93.29,China
INV01660,2025-08-12,10249.0,12,0.0,China
INV01661,2025-08-08,10174.0,10,0.0,UK
INV01662,2025-03-08,10046.0,9,35.43,Germany
INV01663,2025-07-19,10113.0,12,57.91,Germany
INV01664,2025-07-09,10093.0,15,89.37,China
INV01665,2025-05-23,10248.0,8,65.93,China
INV01666,2025-09-28,10092.0,11,61.04,Germany
INV01667,2025-09-01,10041.0,9,47.1,China
INV01668,2025-07-11,10220.0,6,35.88,China
INV01669,2025-09-19,10128.0,6,70.46,China
INV01670,2025-10-02,10028.0,2,98.14,China
INV01671,2025-07-24,10206.0,9,43.63,Germany
INV01672,2025-04-07,10063.0,14,0.0,China
INV01673,2025-10-01,10260.0,14,43.96,China
INV01674,2025-09-16,10249.0,19,-5.0,UK
INV01676,2025-02-23,10166.0,15,71.26,China
INV01677,2025-05-31,10170.0,16,37.2,China
INV01679,2025-07-05,10020.0,6,44.22,China
INV01681,2025-01-05,10051.0,13,53.73,China
INV01682,2025-01-13,10209.0,17,81.52,China
INV01683,2025-10-14,10020.0,13,0.0,UK
INV01684,2025-05-10,10155.0,10,21.45,France
CINV01685,2025-07-07,10218.0,-13,73.35,UK
INV01686,2025-06-04,10284.0,2,72.51,France
INV01687,2025-05-27,,12,27.73,Germany
INV01689,2025-02-03,10217.0,19,61.87,Germany
INV01690,2025-10-05,10000.0,17,84.3,China
INV01692,2025-08-25,10297.0,8,21.09,Germany
INV01693,2025-05-23,10258.0,14,49.63,China
INV01694,2025-02-27,10212.0,13,6.33,China
INV01695,2025-09-03,10250.0,14,42.73,China
INV01696,2025-06-18,10022.0,10,79.25,Germany
INV01697,2025-02-23,10026.0,5,16.57,China
INV01698,2025-05-10,10090.0,2,47.07,China
INV01700,2025-04-06,10266.0,11,51.58,China
CINV01701,2025-03-06,10016.0,-9,50.84,UK
INV01702,2025-09-03,10163.0,10,56.76,China
INV01703,2025-03-13,10256.0,6,20.23,China
INV01705,2025-11-06,10070.0,7,68.38,France
INV01708,2025-03-29,10230.0,9,5.08,China
INV01709,2025-03-18,10127.0,12,84.91,France
INV01710,2025-05-04,10085.0,5,5.17,UK
INV01711,2025-06-19,10238.0,5,75.5,China
INV01712,2025-11-13,10265.0,8,39.43,China
INV01713,2025-09-22,10146.0,16,60.67,China
INV01714,2025-08-20,10008.0,3,26.27,China
INV01715,2025-11-13,10150.0,9,17.23,France
INV01716,2025-08-21,10266.0,13,54.27,UK
INV01717,2025-05-17,10296.0,14,70.17,UK
INV01718,2025-05-29,10120.0,9,21.16,France
INV01719,2025-07-06,,2,44.76,China
INV01720,2025-02-01,10171.0,1,45.58,UK
CINV01721,2025-09-25,10249.0,-9,23.17,China
INV01722,2025-08-23,10283.0,16,57.37,China
INV01723,2025-09-21,10015.0,1,16.3,Germany
INV01724,2025-07-12,10087.0,17,51.96,China
INV01725,2025-10-09,10143.0,13,13.12,France
CINV01727,2025-07-25,10265.0,-7,32.54,France
INV01728,2025-06-09,10033.0,5,46.32,France
INV01729,2025-02-07,10199.0,19,44.51,China
CINV01730,2025-10-08,10275.0,-11,90.98,China
CINV01732,2025-09-09,10228.0,-6,82.21,Germany
CINV01733,2025-11-08,,-11,24.11,UK
INV01734,2025-11-07,10248.0,1,36.5,China
INV01735,2025-10-15,,5,9.36,China
INV01736,2025-07-01,10018.0,4,43.23,China
INV01737,2025-02-05,,12,67.53,Germany
INV01738,2025-01-02,10104.0,13,84.14,France
INV01739,2025-03-15,10156.0,9,57.46,UK
INV01740,2025-06-05,10079.0,3,64.73,China
INV01741,2025-09-25,10138.0,8,19.37,China
INV01742,2025-06-14,10128.0,17,5.65,China
INV01743,2025-01-09,10098.0,4,79.59,China
INV01744,2025-03-17,10208.0,4,18.37,China
INV01747,2025-05-16,10075.0,3,96.43,China
INV01748,2025-10-17,10259.0,12,62.39,Germany
INV01749,2025-09-16,10109.0,19,39.11,France
INV01752,2025-08-15,,4,44.08,France
INV01753,2025-05-23,10261.0,1,36.99,France
INV01754,2025-08-14,10063.0,3,91.44,France
INV01755,2025-04-25,10180.0,19,92.14,China
INV01756,2025-05-06,10172.0,3,65.79,Germany
INV01757,2025-08-08,10040.0,1,12.85,UK
INV01758,2025-07-25,10135.0,16,49.25,China
INV01759,2025-07-29,10208.0,8,26.04,China
INV01760,2025-05-19,10290.0,7,88.72,UK
INV01761,2025-05-28,10254.0,14,15.56,China
INV01762,2025-01-04,10029.0,10,7.32,France
INV01763,2025-08-05,,18,71.03,UK
INV01764,2025-07-27,10131.0,9,46.42,China
INV01766,2025-07-01,10171.0,17,9.31,China
INV01767,2025-06-18,10002.0,9,80.51,UK
INV01768,2025-01-25,10034.0,6,5.66,UK
INV01769,2025-03-12,10014.0,19,4.75,UK
INV01770,2025-05-02,10088.0,5,47.21,China
INV01771,2025-05-16,10228.0,1,23.69,France
INV01772,2025-05-11,10053.0,11,60.18,UK
INV01773,2025-05-22,10296.0,19,4.53,Germany
INV01774,2025-10-04,10080.0,2,5.47,Germany
INV01775,2025-02-17,10013.0,17,73.26,China
CINV01776,2025-04-30,10100.0,-16,22.6,UK
INV01777,2025-02-28,10224.0,18,66.33,China
INV01778,2025-04-21,10031.0,9,75.49,China
INV01779,2025-09-04,10021.0,5,7.81,UK
INV01780,2025-01-17,10254.0,10,77.44,UK
INV01781,2025-05-03,10177.0,3,28.31,UK
INV01782,2025-01-09,10102.0,17,40.18,China
INV01784,2025-09-19,10253.0,10,84.19,China
INV01785,2025-03-29,10107.0,10,0.0,China
INV01786,2025-03-13,10168.0,14,51.46,UK
INV01787,2025-02-05,10003.0,10,96.92,Germany
INV01788,2025-06-20,10091.0,16,34.78,China
INV01789,2025-09-29,10178.0,18,89.3,China
INV01790,2025-07-30,10059.0,19,72.53,China
INV01791,2025-11-14,10297.0,12,93.0,UK
INV01792,2025-05-04,10291.0,15,0.0,France
INV01793,2025-04-11,10077.0,6,99.12,China
INV01794,2025-06-22,10118.0,1,14.9,China
INV01795,2025-03-14,10056.0,8,80.01,China
INV01797,2025-03-08,,3,65.15,UK
INV01798,2025-06-22,10117.0,11,29.33,Germany
INV01799,2025-07-07,10166.0,4,96.58,China
INV01800,2025-01-21,10183.0,9,22.03,France
INV01801,2025-06-18,,3,50.96,China
INV01802,2025-06-13,10066.0,14,53.11,China
INV01803,2025-04-04,10237.0,16,17.86,Germany
INV01804,2025-02-16,,15,72.81,China
INV01805,2025-01-17,10225.0,14,10.71,China
INV01806,2025-01-04,,5,69.92,France
INV01807,2025-06-23,10267.0,11,85.16,UK
INV01808,2025-02-02,10116.0,2,36.24,China
INV01810,2025-03-30,10061.0,10,17.36,China
INV01811,2025-08-23,10074.0,13,84.9,Germany
INV01812,2025-08-31,10158.0,2,95.3,China
INV01813,2025-06-28,10166.0,16,16.96,Germany
INV01815,2025-02-09,10089.0,17,51.57,UK
INV01816,2025-03-26,10261.0,11,54.09,UK
INV01817,2025-04-01,10098.0,11,71.24,China
INV01818,2025-02-18,10160.0,14,49.9,France
INV01819,2025-04-17,10279.0,16,0.0,China
INV01820,2025-04-23,10161.0,3,24.63,France
INV01821,2025-10-03,10204.0,10,39.09,China
INV01822,2025-04-19,10272.0,1,86.79,China
INV01823,2025-11-12,10292.0,10,0.0,Germany
INV01824,2025-10-06,10149.0,16,60.56,China
INV01826,2025-02-07,10059.0,6,84.96,Germany
INV01828,2025-08-10,10275.0,11,41.5,China
INV01830,2025-05-08,10104.0,4,44.81,Germany
INV01832,2025-07-31,10116.0,8,51.9,China
INV01833,2025-01-26,10071.0,10,48.01,Germany
INV01834,2025-05-28,10293.0,18,75.13,Germany
INV01835,2025-02-19,10158.0,11,39.15,France
INV01837,2025-04-20,10020.0,13,35.02,Germany
INV01838,2025-03-22,10255.0,15,16.79,Germany
INV01839,2025-07-19,10279.0,9,71.95,China
INV01840,2025-06-03,10228.0,10,87.56,China
INV01841,2025-02-04,10037.0,5,90.75,China
INV01842,2025-10-21,10029.0,17,88.32,France
INV01843,2025-11-01,10059.0,17,46.27,China
INV01844,2025-09-25,10225.0,4,29.84,Germany
INV01845,2025-08-11,10229.0,7,64.52,Germany
INV01846,2025-05-25,,6,0.0,China
INV01847,2025-07-15,10029.0,18,73.25,France
INV01848,2025-07-07,,2,50.5,Germany
CINV01849,2025-03-01,10270.0,-4,69.5,China
INV01850,2025-01-30,10278.0,6,77.71,France
INV01851,2025-04-02,10217.0,11,92.09,Germany
INV01852,2025-06-13,,5,76.8,China
INV01853,2025-02-27,10020.0,11,44.45,France
INV01854,2025-02-08,10016.0,15,0.0,Germany
INV01855,2025-11-03,10207.0,16,50.99,China
INV01856,2025-05-15,10253.0,2,34.16,UK
INV01857,2025-07-30,10189.0,3,94.39,Germany
INV01858,2025-07-08,10078.0,2,51.78,Germany
INV01859,2025-09-22,10227.0,18,48.26,China
CINV01860,2025-09-24,10017.0,-13,36.12,China
INV01861,2025-04-17,10248.0,11,-5.0,China
INV01862,2025-11-02,10267.0,16,52.97,Germany
INV01863,2025-05-14,10215.0,12,-5.0,Germany
INV01864,2025-10-28,10263.0,5,87.18,France
INV01865,2025-05-26,10175.0,10,37.18,China
INV01866,2025-02-09,10140.0,14,44.39,France
INV01867,2025-10-01,10096.0,1,22.16,France
CINV01868,2025-01-11,10276.0,-12,56.23,France
INV01869,2025-10-06,10209.0,10,70.8,France
INV01870,2025-01-16,10057.0,2,88.35,UK
INV01871,2025-03-16,,6,7.06,China
INV01872,2025-08-06,,9,97.39,Germany
INV01874,2025-05-28,10057.0,6,29.86,Germany
INV01875,2025-02-13,10199.0,13,22.04,China
INV01876,2025-03-25,10123.0,8,31.02,UK
INV01878,2025-09-19,10201.0,16,30.56,China
INV01879,2025-02-06,10226.0,2,47.36,China
INV01880,2025-05-19,10114.0,7,71.16,China
INV01881,2025-04-06,,2,87.46,China
INV01882,2025-03-06,10149.0,18,66.54,China
INV01883,2025-11-01,10048.0,4,75.8,UK
INV01884,2025-08-11,10001.0,16,18.99,China
INV01885,2025-03-06,10060.0,4,87.99,Germany
INV01886,2025-08-23,10207.0,7,29.02,UK
INV01887,2025-05-29,,12,14.58,France
INV01888,2025-01-23,10101.0,16,97.67,China
INV01889,2025-06-11,10144.0,4,21.76,China
INV01890,2025-03-08,10251.0,5,15.39,Germany
INV01891,2025-03-30,10171.0,17,63.35,France
INV01892,2025-11-13,10017.0,7,33.25,Germany
INV01893,2025-09-13,10014.0,4,15.07,China
INV01894,2025-02-18,10144.0,15,60.91,France
INV01895,2025-11-03,10121.0,2,76.38,Germany
INV01896,2025-07-26,10255.0,17,79.73,Germany
INV01897,2025-11-11,10174.0,17,17.24,UK
INV01898,2025-09-26,10227.0,17,56.57,France
INV01899,2025-05-03,10175.0,6,81.74,Germany
INV01900,2025-07-12,10103.0,3,17.79,Germany
INV01901,2025-07-11,10197.0,9,22.35,Germany
INV01902,2025-09-17,10186.0,7,-5.0,Germany
INV01903,2025-03-31,10216.0,19,53.41,China
INV01904,2025-04-30,10056.0,13,21.08,France
INV01905,2025-03-30,10192.0,18,72.98,Germany
INV01906,2025-04-17,10085.0,15,96.3,China
INV01907,2025-02-28,10237.0,14,22.46,China
INV01908,2025-01-14,10239.0,3,65.61,France
INV01910,2025-01-27,10284.0,1,3.76,China
INV01912,2025-01-02,10007.0,4,44.53,China
INV01913,2025-10-07,10181.0,19,94.79,UK
INV01914,2025-04-29,10233.0,3,54.36,UK
INV01915,2025-07-06,10030.0,18,17.43,Germany
INV01916,2025-04-12,10031.0,13,46.08,China
CINV01917,2025-06-26,10081.0,-3,21.88,France
INV01918,2025-06-12,10253.0,2,88.05,Germany
INV01919,2025-07-10,10158.0,8,69.71,UK
INV01920,2025-05-22,10292.0,7,35.44,China
INV01921,2025-07-13,10261.0,6,53.73,China
CINV01922,2025-10-25,10166.0,-11,0.0,Germany
INV01923,2025-06-06,10203.0,3,78.72,China
INV01924,2025-05-11,10099.0,3,9.85,Germany
INV01925,2025-02-17,10027.0,14,4.21,France
INV01926,2025-05-10,10119.0,19,0.0,China
INV01927,2025-02-15,10177.0,6,40.71,China
INV01928,2025-03-07,10054.0,18,47.74,Germany
INV01930,2025-02-02,10004.0,7,42.29,China
INV01931,2025-06-23,10220.0,2,45.28,China
INV01932,2025-10-28,10269.0,9,12.69,Germany
INV01934,2025-02-22,10113.0,13,60.72,France
INV01935,2025-02-28,10178.0,4,40.08,Germany
INV01936,2025-05-15,10288.0,4,51.68,China
INV01937,2025-07-19,10177.0,9,32.79,France
INV01939,2025-03-16,10101.0,3,58.35,China
INV01940,2025-03-01,10218.0,12,50.5,Germany
INV01941,2025-04-02,10133.0,19,91.27,UK
INV01942,2025-11-11,10251.0,11,84.12,France
INV01943,2025-01-11,10259.0,3,81.65,China
INV01944,2025-05-17,10010.0,19,24.11,France
INV01945,2025-02-12,10216.0,10,17.01,China
INV01946,2025-02-26,10110.0,14,0.0,Germany
INV01948,2025-01-01,10079.0,11,69.0,China
INV01949,2025-04-26,10110.0,2,76.54,China
INV01951,2025-08-07,10015.0,4,29.9,China
INV01952,2025-01-26,10234.0,18,50.1,France
INV01953,2025-06-17,10042.0,2,28.81,Germany
INV01955,2025-05-25,10057.0,3,75.18,China
INV01956,2025-07-10,10048.0,14,48.26,China
CINV01957,2025-07-11,10112.0,-10,0.0,China
INV01958,2025-08-26,10275.0,19,52.02,Germany
INV01959,2025-03-09,10283.0,13,71.86,UK
INV01960,2025-10-30,10114.0,8,24.05,UK
INV01962,2025-02-21,10295.0,12,72.08,China
INV01963,2025-10-22,10070.0,9,28.13,China
INV01964,2025-10-22,10283.0,1,56.49,UK
INV01965,2025-09-24,10031.0,12,0.0,China
INV01966,2025-05-14,10067.0,4,26.45,China
INV01967,2025-06-18,10101.0,5,0.0,Germany
INV01968,2025-10-30,10011.0,1,95.49,Germany
INV01969,2025-02-25,10244.0,8,86.89,China
INV01970,2025-10-26,10256.0,5,41.35,Germany
INV01972,2025-09-03,10250.0,9,99.19,China
INV01973,2025-05-03,10231.0,5,57.71,China
INV01974,2025-07-21,10240.0,3,13.27,China
INV01975,2025-01-19,10240.0,9,6.45,UK
CINV01977,2025-05-04,10033.0,-19,43.52,France
INV01978,2025-01-21,10277.0,9,26.19,China
INV01979,2025-10-14,10182.0,19,36.07,France
INV01980,2025-08-25,,17,76.22,UK
INV01981,2025-08-13,10287.0,19,47.59,China
CINV01982,2025-01-20,10056.0,-11,87.11,UK
INV01983,2025-09-28,10120.0,9,74.02,Germany
INV01984,2025-08-18,10057.0,14,97.45,France
INV01985,2025-10-13,10015.0,2,89.07,China
INV01986,2025-10-25,10289.0,16,26.95,Germany
INV01987,2025-03-18,,7,66.59,Germany
INV01988,2025-03-17,10279.0,1,0.0,UK
INV01990,2025-07-11,10194.0,5,27.58,China
INV01991,2025-06-07,10156.0,1,67.15,UK
INV01992,2025-04-14,,13,85.22,UK
INV01993,2025-08-19,10165.0,2,17.73,Germany
INV01994,2025-09-29,10192.0,17,85.09,China
INV01995,2025-01-01,10063.0,9,3.2,China
CINV01996,2025-07-18,10224.0,-14,45.31,China
CINV01998,2025-04-12,10203.0,-3,38.66,UK
INV01999,2025-04-12,10149.0,4,59.47,China
INV02000,2025-11-13,10059.0,13,91.65,Germany
INV02001,2025-01-23,,14,34.04,Germany
INV02002,2025-05-24,10188.0,6,58.77,Germany
INV02003,2025-06-14,10204.0,7,87.99,China
INV02004,2025-10-15,10231.0,18,77.75,Germany
INV02005,2025-02-16,10285.0,17,5.99,Germany
INV02006,2025-06-06,10149.0,8,94.39,Germany
INV02007,2025-02-24,10248.0,5,6.57,China
INV02008,2025-10-11,10214.0,6,59.7,France
INV02009,2025-08-16,10083.0,11,58.38,China
INV02010,2025-06-28,10253.0,11,79.07,Germany
INV02011,2025-05-22,10015.0,4,16.55,China
INV02012,2025-02-25,10179.0,2,19.58,China
CINV02014,2025-08-22,10197.0,-16,16.65,China
INV02015,2025-04-25,10281.0,3,48.01,UK
INV02016,2025-05-30,10016.0,8,73.7,UK
INV02017,2025-09-19,10159.0,4,65.82,China
INV02018,2025-09-17,,5,22.64,China
CINV02019,2025-06-15,10192.0,-12,31.79,China
INV02020,2025-04-20,10264.0,6,0.0,UK
INV02021,2025-08-26,10138.0,6,45.97,Germany
INV02022,2025-08-25,10204.0,19,6.36,China
INV02023,2025-08-04,10125.0,4,23.52,Germany
INV02024,2025-01-27,10261.0,4,35.56,China
INV02025,2025-06-20,10035.0,18,99.95,Germany
INV02026,2025-08-10,10076.0,11,31.66,Germany
INV02028,2025-07-09,10210.0,9,52.27,France
INV02029,2025-05-04,10069.0,11,0.0,China
CINV02030,2025-07-20,10095.0,-5,28.86,Germany
INV02031,2025-03-05,10250.0,11,99.25,Germany
INV02032,2025-02-02,,13,71.05,UK
INV02033,2025-09-02,10043.0,5,6.97,China
INV02035,2025-11-01,10068.0,9,18.82,China
INV02036,2025-07-30,10274.0,19,14.05,UK
INV02037,2025-01-15,10164.0,2,59.53,China
INV02039,2025-06-11,,14,74.8,China
CINV02040,2025-04-15,10105.0,-18,89.45,UK
CINV02042,2025-09-26,,-19,92.45,China
INV02043,2025-09-27,10168.0,4,52.76,Germany
INV02044,2025-04-10,10242.0,8,27.37,Germany
INV02046,2025-06-13,10231.0,9,5.48,Germany
INV02047,2025-07-11,10187.0,18,56.83,Germany
INV02048,2025-09-28,10087.0,14,0.0,Germany
CINV02049,2025-08-26,10273.0,-16,29.44,China
INV02050,2025-03-04,10130.0,5,86.62,UK
INV02051,2025-04-19,10045.0,18,25.55,China
INV02052,2025-05-11,10288.0,9,84.31,Germany
INV02054,2025-09-15,10014.0,14,17.67,China
INV02055,2025-05-12,10270.0,13,39.34,China
INV02056,2025-09-22,10284.0,12,85.7,China
INV02057,2025-09-23,10248.0,10,16.17,Germany
INV02058,2025-05-22,10076.0,13,87.79,Germany
INV02059,2025-05-26,10189.0,18,24.51,Germany
INV02061,2025-07-22,10186.0,10,36.57,China
INV02062,2025-02-23,10184.0,4,13.58,China
INV02063,2025-09-17,10191.0,7,94.54,Germany
INV02064,2025-08-01,10154.0,15,44.94,Germany
INV02065,2025-07-03,10207.0,13,69.65,Germany
INV02066,2025-09-19,10157.0,5,58.38,China
INV02068,2025-04-29,10010.0,16,62.42,China
INV02069,2025-05-31,10287.0,3,90.04,Germany
INV02070,2025-03-10,10272.0,2,70.53,China
INV02071,2025-08-21,10175.0,8,54.18,Germany
INV02072,2025-05-25,10052.0,13,65.23,China
INV02073,2025-05-04,10234.0,6,61.43,France
INV02074,2025-09-08,10042.0,16,44.45,China
INV02075,2025-05-27,10113.0,17,63.23,Germany
INV02076,2025-06-17,10098.0,11,45.47,China
INV02077,2025-06-08,10003.0,8,76.25,Germany
INV02078,2025-04-04,10242.0,1,96.95,China
INV02079,2025-02-15,10152.0,16,96.07,China
INV02080,2025-10-25,10094.0,18,82.43,France
INV02081,2025-02-03,10152.0,9,60.97,China
INV02082,2025-04-27,10000.0,10,75.43,China
INV02083,2025-08-29,10131.0,15,19.45,France
INV02084,2025-02-17,10155.0,14,48.94,France
INV02085,2025-08-24,10101.0,3,27.22,UK
INV02086,2025-09-21,10249.0,13,2.34,China
CINV02087,2025-08-27,10074.0,-18,0.0,Germany
INV02088,2025-04-20,10041.0,15,86.66,France
INV02089,2025-01-08,10158.0,10,52.34,China
INV02091,2025-04-28,10112.0,5,69.91,China
INV02092,2025-10-17,10013.0,13,44.61,UK
INV02093,2025-03-13,10290.0,5,80.73,Germany
INV02094,2025-02-28,10133.0,7,99.95,China
INV02095,2025-10-08,10051.0,6,36.21,China
INV02097,2025-11-06,10095.0,7,28.2,China
INV02098,2025-09-28,10281.0,2,11.15,France
INV02099,2025-03-30,10088.0,14,40.62,Germany
INV02101,2025-08-29,10162.0,19,13.21,China
INV02102,2025-03-03,10072.0,4,28.63,Germany
INV02103,2025-02-16,10149.0,13,17.67,China
INV02104,2025-11-10,10032.0,4,73.75,China
INV02105,2025-04-10,10193.0,11,12.35,UK
CINV02106,2025-10-03,10227.0,-10,86.87,Germany
INV02107,2025-02-19,10285.0,9,23.67,Germany
INV02108,2025-04-11,10097.0,13,12.64,UK
CINV02109,2025-04-13,,-16,2.99,China
INV02110,2025-04-12,10164.0,7,72.09,UK
INV02111,2025-08-31,10207.0,17,27.15,Germany
INV02114,2025-09-24,,6,98.56,China
INV02115,2025-03-14,10078.0,19,14.29,China
INV02117,2025-07-15,10139.0,8,85.46,China
INV02118,2025-07-16,10261.0,9,26.0,Germany
INV02119,2025-09-10,10009.0,16,28.16,France
INV02120,2025-10-04,10244.0,10,81.23,China
INV02122,2025-07-29,10184.0,15,2.28,UK
INV02123,2025-08-08,10203.0,14,43.94,France
INV02124,2025-09-26,10034.0,15,3.23,France
INV02125,2025-04-02,10224.0,4,91.16,France
CINV02126,2025-04-21,10074.0,-9,64.9,China
INV02127,2025-08-14,10154.0,12,59.14,China
INV02128,2025-01-24,,4,21.76,UK
INV02129,2025-04-26,10181.0,3,70.59,Germany
INV02130,2025-09-16,,3,68.37,France
INV02132,2025-07-07,,13,88.32,China
INV02133,2025-05-24,10012.0,6,58.78,China
CINV02134,2025-06-08,10217.0,-15,79.66,Germany
INV02135,2025-09-04,10029.0,14,27.77,China
INV02136,2025-07-16,,16,13.96,Germany
INV02137,2025-01-09,10196.0,18,70.84,France
INV02138,2025-07-14,10024.0,17,79.8,Germany
INV02139,2025-05-25,10298.0,4,39.83,China
INV02140,2025-09-10,10113.0,15,4.32,France
INV02141,2025-11-12,10004.0,8,82.19,China
INV02143,2025-08-08,10167.0,13,35.23,China
INV02144,2025-05-11,10192.0,12,63.57,UK
INV02145,2025-06-09,,8,11.8,China
INV02146,2025-03-05,10142.0,19,9.06,China
INV02148,2025-11-02,10111.0,2,91.83,China
INV02149,2025-11-04,10163.0,1,32.52,China
INV02150,2025-04-29,10047.0,16,-5.0,France
INV02151,2025-04-26,10185.0,8,98.95,France
INV02152,2025-11-05,10078.0,9,67.61,China
CINV02153,2025-07-16,10209.0,-13,53.46,Germany
INV02154,2025-09-11,10240.0,9,53.05,UK
INV02155,2025-06-26,10257.0,11,38.94,France
INV02156,2025-06-09,10278.0,2,0.0,China
INV02157,2025-08-16,10036.0,3,95.96,China
INV02158,2025-10-20,10041.0,18,79.23,UK
CINV02159,2025-05-01,10277.0,-9,43.57,China
INV02160,2025-10-19,10114.0,4,0.0,China
INV02161,2025-03-29,10007.0,8,88.59,France
INV02162,2025-05-26,10086.0,7,15.31,China
INV02166,2025-04-24,10216.0,3,81.01,UK
INV02167,2025-10-31,10058.0,6,48.75,UK
INV02170,2025-01-08,10180.0,17,38.02,China
CINV02171,2025-09-26,10133.0,-18,33.43,UK
INV02173,2025-10-03,10100.0,11,44.64,Germany
INV02174,2025-03-25,10061.0,1,68.94,China
INV02175,2025-10-02,10049.0,12,15.45,China
INV02176,2025-02-07,10060.0,3,44.7,Germany
INV02177,2025-06-23,10135.0,2,0.0,France
INV02178,2025-08-14,10026.0,13,5.53,China
INV02179,2025-06-14,10120.0,4,46.82,China
INV02180,2025-09-09,10256.0,10,66.73,Germany
INV02181,2025-03-28,10230.0,2,89.0,China
INV02182,2025-08-07,,15,60.19,UK
INV02183,2025-08-21,10267.0,15,82.8,China
INV02184,2025-08-17,10234.0,11,23.82,China
INV02185,2025-04-15,10195.0,16,0.0,China
INV02186,2025-04-20,10258.0,9,94.33,UK
INV02187,2025-04-03,10037.0,4,88.83,UK
INV02188,2025-06-16,10245.0,3,56.68,China
INV02189,2025-07-30,10088.0,5,48.6,China
INV02190,2025-05-11,10219.0,4,46.2,China
INV02191,2025-05-28,10273.0,7,7.76,China
CINV02192,2025-04-14,10148.0,-5,89.45,France
INV02193,2025-03-20,10026.0,12,82.18,China
INV02194,2025-08-25,10111.0,3,46.71,Germany
INV02195,2025-10-21,10122.0,12,29.39,China
INV02196,2025-04-15,10281.0,7,35.61,China
INV02197,2025-11-06,10282.0,14,14.07,China
INV02198,2025-07-25,10170.0,10,72.74,China
INV02199,2025-03-02,10285.0,18,56.55,China
INV02200,2025-05-12,10130.0,9,24.94,China
INV02201,2025-01-03,10123.0,6,63.05,China
CINV02202,2025-01-15,10250.0,-12,97.96,UK
INV02203,2025-05-02,,13,13.99,China
INV02204,2025-06-13,10156.0,9,46.93,China
INV02205,2025-10-15,10137.0,11,50.43,China
INV02206,2025-02-18,10211.0,9,18.35,France
INV02207,2025-10-30,10226.0,6,54.09,UK
INV02208,2025-03-26,10147.0,6,61.39,France
INV02209,2025-02-19,10009.0,18,-5.0,Germany
INV02210,2025-09-09,10030.0,13,17.16,France
INV02211,2025-10-06,10043.0,2,85.92,China
INV02212,2025-08-06,10138.0,19,0.0,UK
INV02213,2025-02-11,10184.0,14,63.77,France
INV02214,2025-02-11,10241.0,1,63.42,China
INV02215,2025-05-21,10069.0,14,84.24,China
INV02216,2025-06-12,10235.0,12,74.51,China
CINV02218,2025-04-14,10015.0,-10,63.27,France
INV02219,2025-03-11,10105.0,10,46.05,China
INV02221,2025-02-25,10265.0,7,39.14,UK
INV02222,2025-01-10,10276.0,12,43.0,China
INV02223,2025-06-02,10245.0,16,14.67,China
INV02224,2025-05-25,10158.0,17,43.55,Germany
INV02225,2025-08-12,10147.0,15,40.17,France
INV02226,2025-11-12,10093.0,12,0.0,China
INV02228,2025-04-15,10025.0,7,75.69,Germany
CINV02230,2025-08-16,10040.0,-7,81.0,China
INV02231,2025-01-26,10148.0,6,55.18,China
CINV02233,2025-02-19,10059.0,-12,80.01,China
INV02234,2025-07-31,,7,11.63,China
INV02235,2025-10-12,10258.0,17,97.75,Germany
INV02236,2025-03-31,10167.0,19,3.45,China
INV02237,2025-04-08,10246.0,7,60.49,China
CINV02238,2025-06-21,10274.0,-10,79.67,Germany
INV02240,2025-03-22,10105.0,14,60.66,Germany
INV02241,2025-08-27,10263.0,19,37.49,China
INV02242,2025-06-12,10272.0,11,7.94,Germany
INV02243,2025-02-10,10287.0,16,2.83,Germany
INV02244,2025-09-13,10105.0,12,11.3,France
INV02245,2025-10-27,10068.0,17,0.0,France
INV02246,2025-07-27,10175.0,8,61.87,Germany
INV02247,2025-03-05,10279.0,8,53.53,UK
INV02248,2025-02-26,10270.0,9,46.64,France
INV02249,2025-06-02,10171.0,19,69.81,China
INV02250,2025-07-02,10044.0,12,3.65,UK
INV02251,2025-07-18,10126.0,3,28.56,UK
INV02252,2025-03-29,10214.0,1,78.18,China
INV02253,2025-06-30,10168.0,10,91.18,China
INV02254,2025-04-17,10103.0,16,44.96,Germany
INV02255,2025-09-05,10102.0,10,9.99,China
INV02256,2025-10-14,10017.0,11,80.28,France
INV02257,2025-08-23,10086.0,16,88.75,Germany
INV02258,2025-01-01,10200.0,10,42.54,China
INV02260,2025-01-09,10298.0,13,6.31,UK
INV02262,2025-01-12,10176.0,15,91.17,France
INV02263,2025-07-05,10148.0,12,68.43,China
INV02264,2025-02-08,10249.0,1,33.09,China
INV02265,2025-02-04,10266.0,9,65.0,Germany
INV02266,2025-09-04,10163.0,3,83.54,China
INV02267,2025-09-20,10189.0,10,48.63,Germany
INV02268,2025-02-12,10209.0,3,82.34,Germany
INV02270,2025-04-26,10055.0,7,36.15,China
INV02271,2025-04-25,10128.0,1,59.13,France
INV02272,2025-04-17,10072.0,3,47.54,France
INV02273,2025-06-16,10139.0,10,97.76,Germany
INV02274,2025-03-06,10184.0,2,52.61,France
INV02275,2025-06-02,10062.0,17,39.75,China
INV02276,2025-03-17,10074.0,15,40.7,China
INV02277,2025-01-19,10246.0,14,55.7,Germany
INV02278,2025-05-13,10113.0,4,36.78,Germany
INV02279,2025-08-31,10059.0,16,72.84,France
INV02280,2025-10-02,10213.0,13,39.3,China
INV02281,2025-05-08,10214.0,8,39.65,Germany
INV02282,2025-04-27,10247.0,1,62.46,Germany
INV02283,2025-10-11,10227.0,11,7.96,China
INV02284,2025-09-03,10297.0,16,66.22,Germany
INV02285,2025-10-27,10172.0,1,51.49,Germany
INV02287,2025-10-23,10258.0,8,72.49,China
INV02289,2025-05-30,10087.0,10,84.93,UK
INV02290,2025-05-23,10248.0,9,38.73,China
INV02291,2025-04-26,10264.0,5,34.05,China
INV02292,2025-03-26,10101.0,2,72.01,China
INV02293,2025-09-27,10218.0,1,59.02,China
INV02294,2025-09-15,10276.0,2,63.92,China
INV02295,2025-10-16,10239.0,14,56.44,Germany
INV02296,2025-03-02,10001.0,15,77.72,China
INV02297,2025-06-26,10199.0,9,20.62,China
INV02298,2025-03-21,10050.0,2,56.46,China
INV02300,2025-04-07,10020.0,19,0.0,China
INV02301,2025-02-21,10297.0,5,67.07,Germany
INV02302,2025-07-25,10053.0,10,50.32,Germany
INV02303,2025-11-13,10126.0,11,-5.0,France
INV02305,2025-02-04,10244.0,9,77.74,UK
INV02306,2025-04-28,10118.0,9,53.58,Germany
INV02307,2025-02-25,10223.0,10,95.11,China
INV02308,2025-04-21,10020.0,14,43.59,China
INV02309,2025-07-12,,12,79.23,France
INV02310,2025-04-12,10273.0,2,18.46,China
INV02311,2025-01-25,10278.0,1,30.01,China
INV02312,2025-07-03,10062.0,8,35.13,Germany
INV02313,2025-01-20,10118.0,18,12.37,China
INV02314,2025-03-23,10122.0,1,51.18,UK
INV02315,2025-01-01,10169.0,2,20.84,China
INV02316,2025-02-01,10161.0,13,64.15,China
INV02317,2025-06-07,10031.0,9,20.63,China
CINV02318,2025-11-03,10228.0,-5,14.1,China
INV02319,2025-10-06,,4,96.97,UK
INV02320,2025-02-05,10094.0,13,66.51,France
INV02321,2025-01-13,10252.0,10,93.77,UK
INV02322,2025-05-02,10206.0,13,50.01,Germany
INV02323,2025-08-23,,6,5.27,China
INV02324,2025-09-26,10273.0,11,58.29,China
INV02325,2025-10-24,10118.0,17,56.72,China
INV02326,2025-05-04,10169.0,7,3.47,UK
INV02327,2025-03-02,10073.0,8,86.4,China
INV02328,2025-01-10,10054.0,4,0.0,China
INV02329,2025-02-22,10147.0,13,74.98,Germany
INV02330,2025-01-24,10168.0,1,50.4,France
INV02331,2025-11-06,10241.0,5,62.6,China
INV02332,2025-04-07,,14,27.23,France
INV02333,2025-10-24,10268.0,1,97.43,France
INV02334,2025-07-19,10182.0,19,41.27,France
INV02335,2025-07-14,10021.0,8,17.91,China
INV02336,2025-06-13,10221.0,8,7.48,China
INV02337,2025-10-22,10172.0,11,64.34,China
INV02338,2025-01-16,10116.0,13,98.37,UK
INV02339,2025-02-03,10140.0,9,89.79,UK
INV02340,2025-06-02,10090.0,17,70.81,Germany
INV02341,2025-05-23,10184.0,19,99.08,China
INV02342,2025-07-16,10170.0,4,72.84,China
INV02343,2025-09-23,10134.0,14,35.25,Germany
INV02344,2025-07-31,10085.0,6,60.92,China
INV02345,2025-04-03,10119.0,19,9.82,Germany
INV02346,2025-04-28,10149.0,5,23.72,France
INV02347,2025-09-28,10141.0,6,42.92,China
INV02348,2025-03-14,10092.0,14,21.78,China
INV02349,2025-07-01,10174.0,15,95.44,China
INV02350,2025-07-13,10067.0,3,99.57,China
INV02351,2025-09-28,10150.0,11,38.35,Germany
INV02352,2025-09-15,10036.0,7,71.5,China
INV02353,2025-06-17,10141.0,12,0.0,China
INV02354,2025-04-22,10235.0,11,15.67,China
INV02355,2025-05-13,10245.0,19,35.02,China
INV02356,2025-05-29,10208.0,18,24.87,Germany
INV02357,2025-03-20,10223.0,13,34.15,Germany
INV02358,2025-08-14,10019.0,13,23.07,Germany
INV02359,2025-03-17,10102.0,18,13.01,Germany
CINV02360,2025-08-22,10196.0,-4,0.0,China
INV02361,2025-09-28,10240.0,14,90.76,Germany
INV02363,2025-02-12,10256.0,3,33.83,UK
INV02364,2025-10-01,10081.0,17,0.0,China
INV02365,2025-01-31,10046.0,14,36.74,China
INV02366,2025-05-02,10025.0,7,52.73,China
INV02367,2025-03-05,10174.0,10,6.26,France
INV02368,2025-02-28,10199.0,10,65.56,China
CINV02369,2025-03-05,10085.0,-18,57.22,UK
INV02370,2025-01-16,10235.0,19,68.73,China
INV02371,2025-10-24,10221.0,16,57.59,France
INV02372,2025-01-23,10108.0,13,44.91,Germany
INV02373,2025-05-24,,2,36.31,China
INV02374,2025-09-09,,18,24.19,China
INV02376,2025-11-04,10051.0,4,4.55,France
INV02377,2025-02-19,10076.0,2,34.17,UK
INV02379,2025-08-24,10153.0,10,12.65,China
INV02380,2025-03-06,10049.0,5,8.16,China
INV02381,2025-06-11,10284.0,2,65.91,China
INV02383,2025-05-22,10114.0,14,80.58,China
INV02384,2025-03-08,10018.0,19,93.86,China
INV02385,2025-11-12,10262.0,11,-5.0,UK
INV02389,2025-11-11,10262.0,6,63.56,UK
INV02390,2025-06-13,10053.0,19,62.99,Germany
CINV02391,2025-03-11,10049.0,-10,33.53,Germany
INV02392,2025-08-11,10240.0,18,8.25,China
INV02393,2025-03-21,10245.0,3,22.58,UK
INV02394,2025-06-20,10162.0,2,17.13,Germany
INV02395,2025-08-25,10009.0,17,14.14,France
CINV02397,2025-04-15,10117.0,-4,3.36,France
INV02398,2025-04-01,,18,60.98,Germany
INV02399,2025-09-22,10261.0,2,94.85,UK
INV02400,2025-01-03,,13,37.29,China
INV02401,2025-07-23,10206.0,4,53.66,China
INV02402,2025-09-26,,2,70.19,France
INV02403,2025-07-18,10159.0,16,33.08,Germany
INV02404,2025-05-19,10007.0,17,48.81,Germany
CINV02405,2025-10-26,10116.0,-3,82.08,France
INV02406,2025-05-14,10219.0,2,75.04,Germany
INV02407,2025-09-13,10243.0,12,81.23,France
INV02408,2025-06-17,10167.0,1,98.76,China
INV02409,2025-01-10,10212.0,15,38.29,UK
INV02410,2025-07-10,10006.0,18,75.21,China
INV02411,2025-01-18,10140.0,15,61.07,Germany
INV02413,2025-08-05,10267.0,4,74.51,China
INV02414,2025-05-14,10093.0,13,75.47,China
INV02415,2025-06-25,10068.0,2,88.8,China
INV02416,2025-08-11,,11,36.23,Germany
INV02417,2025-04-04,10051.0,9,66.04,China
INV02418,2025-04-14,10167.0,15,29.47,China
INV02419,2025-05-31,10192.0,4,60.27,UK
INV02420,2025-04-04,10240.0,15,75.62,China
INV02421,2025-09-30,10291.0,14,79.52,Germany
INV02422,2025-02-07,10022.0,5,43.17,Germany
INV02423,2025-10-25,10074.0,7,51.85,China
INV02424,2025-05-06,10090.0,2,34.72,China
INV02425,2025-07-22,10074.0,9,-5.0,UK
INV02426,2025-02-26,10248.0,5,27.53,Germany
INV02427,2025-05-19,10041.0,3,91.39,China
INV02428,2025-09-29,10008.0,11,32.28,France
INV02429,2025-04-08,10258.0,11,97.53,Germany
CINV02430,2025-02-17,,-2,25.66,China
INV02431,2025-07-07,10067.0,4,72.86,Germany
INV02432,2025-02-28,10099.0,2,58.24,China
INV02433,2025-04-24,10150.0,13,70.29,China
INV02434,2025-06-12,10157.0,7,65.11,UK
INV02435,2025-07-23,10297.0,2,71.26,China
INV02436,2025-08-19,10121.0,4,90.74,China
INV02437,2025-09-01,10003.0,19,57.22,China
CINV02438,2025-10-31,10126.0,-5,8.65,France
INV02439,2025-01-24,10166.0,14,28.54,France
INV02440,2025-05-11,10155.0,9,71.41,UK
INV02441,2025-01-01,10153.0,4,50.42,China
INV02442,2025-01-04,10276.0,6,55.76,France
INV02443,2025-03-18,10242.0,1,60.46,Germany
INV02444,2025-08-04,10075.0,15,39.5,China
INV02446,2025-10-06,10200.0,10,72.91,France
INV02447,2025-08-21,10123.0,3,72.0,China
INV02448,2025-10-08,10128.0,16,72.1,Germany
INV02449,2025-03-03,10050.0,5,89.26,Germany
INV02450,2025-10-30,10076.0,11,60.35,China
INV02452,2025-02-04,10252.0,14,13.68,France
INV02453,2025-06-19,10235.0,12,63.93,China
INV02454,2025-10-26,10092.0,17,72.26,Germany
INV02455,2025-06-21,10040.0,4,0.0,China
INV02456,2025-10-30,10047.0,19,30.24,France
INV02458,2025-06-20,10155.0,8,37.75,China
INV02459,2025-01-22,,5,0.0,China
INV02460,2025-05-03,10269.0,15,36.97,China
INV02461,2025-03-19,10000.0,19,19.22,China
INV02462,2025-06-20,10212.0,14,58.49,China
INV02463,2025-07-30,10089.0,1,40.81,UK
INV02464,2025-06-17,10059.0,9,11.4,China
INV02465,2025-03-12,10166.0,14,57.35,China
INV02466,2025-04-19,10010.0,8,54.71,China
INV02467,2025-09-02,10100.0,15,18.97,Germany
INV02468,2025-01-10,10165.0,14,60.57,China
INV02469,2025-03-19,10081.0,2,57.6,Germany
INV02471,2025-02-05,10138.0,4,0.0,China
INV02472,2025-05-30,10239.0,10,26.38,UK
INV02473,2025-03-16,10054.0,8,95.22,China
INV02474,2025-02-07,10017.0,16,57.0,Germany
INV02475,2025-06-02,10158.0,17,4.66,China
INV02476,2025-07-07,10077.0,9,82.43,France
INV02477,2025-03-05,10212.0,11,21.28,France
INV02478,2025-01-29,10027.0,12,79.03,China
INV02479,2025-02-18,10172.0,13,71.11,China
INV02480,2025-08-23,10296.0,13,96.94,China
INV02481,2025-11-06,10027.0,15,96.63,China
INV02482,2025-03-06,,19,28.89,UK
INV02483,2025-04-26,10253.0,16,77.11,Germany
INV02484,2025-05-04,,3,33.05,Germany
INV02485,2025-05-10,,10,63.66,UK
INV02486,2025-03-29,10063.0,9,60.58,France
INV02487,2025-01-20,10229.0,10,7.35,France
INV02488,2025-07-09,10258.0,11,2.51,China
INV02489,2025-05-09,10108.0,14,7.66,China
INV02490,2025-05-04,10142.0,8,14.54,China
INV02491,2025-04-06,,6,27.25,China
INV02493,2025-08-08,,17,52.83,China
INV02494,2025-05-31,10232.0,6,80.1,China
INV02495,2025-03-15,10055.0,1,84.15,China
INV02496,2025-10-16,10231.0,19,74.02,China
INV02498,2025-01-12,10297.0,12,86.66,China
INV02500,2025-09-09,10283.0,6,74.83,France
INV02501,2025-02-05,10067.0,7,90.35,France
INV02502,2025-09-29,10010.0,6,60.67,China
INV02503,2025-02-08,10217.0,3,53.8,China
INV02504,2025-01-19,10159.0,3,89.24,China
CINV02505,2025-02-11,10251.0,-4,46.54,China
INV02506,2025-06-15,10032.0,9,81.53,China
INV02507,2025-08-12,10024.0,11,7.28,UK
INV02508,2025-05-27,10170.0,1,2.13,China
INV02509,2025-02-13,10264.0,17,53.77,China
INV02510,2025-03-13,,13,9.21,France
INV02511,2025-11-03,10239.0,2,97.7,Germany
INV02513,2025-09-29,10260.0,1,72.38,China
INV02514,2025-02-07,10152.0,11,25.85,UK
INV02515,2025-10-23,10209.0,9,96.82,China
INV02516,2025-09-07,,10,39.39,Germany
INV02517,2025-07-09,10202.0,19,4.67,France
INV02518,2025-02-21,10170.0,18,4.64,China
INV02520,2025-06-09,10131.0,12,98.7,China
INV02521,2025-01-16,10195.0,19,98.02,China
INV02522,2025-03-17,10225.0,14,35.05,China
INV02523,2025-05-25,10275.0,17,49.3,UK
INV02524,2025-01-23,10183.0,9,11.84,China
CINV02525,2025-04-27,,-6,53.17,China
INV02526,2025-06-18,10176.0,10,60.77,UK
INV02528,2025-02-01,10008.0,18,61.99,UK
INV02529,2025-07-27,10021.0,14,90.17,Germany
CINV02531,2025-10-18,10283.0,-10,24.44,France
INV02533,2025-03-03,10133.0,9,14.14,China
INV02534,2025-10-16,10026.0,10,18.28,UK
INV02536,2025-04-28,,11,12.06,UK
INV02537,2025-06-29,10252.0,16,74.38,Germany
INV02538,2025-07-11,,1,88.93,Germany
INV02539,2025-06-27,10297.0,15,92.81,Germany
INV02540,2025-04-15,10085.0,10,66.7,China
INV02543,2025-05-18,10239.0,10,24.74,Germany
INV02544,2025-10-17,10065.0,3,96.27,China
INV02545,2025-05-24,10266.0,16,0.0,China
INV02546,2025-10-14,10046.0,14,39.43,Germany
INV02547,2025-07-30,10014.0,17,33.93,China
INV02548,2025-06-19,10065.0,2,51.98,UK
INV02549,2025-02-16,10226.0,5,30.59,France
INV02550,2025-08-24,10180.0,17,98.01,China
INV02551,2025-04-26,10106.0,1,23.68,China
INV02552,2025-03-20,10196.0,10,38.18,Germany
INV02553,2025-03-11,10194.0,8,44.08,China
INV02555,2025-02-07,10154.0,17,39.52,China
INV02556,2025-10-15,10030.0,18,85.96,China
INV02557,2025-11-08,10077.0,6,15.76,China
INV02558,2025-01-12,10158.0,12,59.23,France
INV02559,2025-08-01,10040.0,14,41.85,UK
INV02560,2025-07-27,10142.0,19,18.71,UK
INV02561,2025-05-10,10035.0,1,3.21,China
INV02562,2025-08-29,10236.0,19,28.79,France
INV02563,2025-05-28,10030.0,7,8.06,China
INV02564,2025-06-08,10027.0,3,38.92,Germany
INV02565,2025-06-05,10191.0,12,81.4,UK
INV02566,2025-10-16,10066.0,15,72.53,China
INV02567,2025-08-16,10105.0,3,94.84,UK
INV02568,2025-05-17,10094.0,1,43.85,China
INV02570,2025-10-16,10228.0,18,67.2,Germany
INV02572,2025-09-20,10071.0,18,31.75,China
INV02573,2025-05-21,10206.0,18,53.92,France
INV02574,2025-10-06,10214.0,19,80.07,China
INV02575,2025-04-29,10161.0,5,47.26,France
INV02576,2025-04-08,10173.0,11,24.32,Germany
INV02577,2025-06-12,,19,99.36,China
INV02579,2025-07-24,10115.0,12,95.68,France
INV02580,2025-05-19,10161.0,4,81.29,Germany
INV02581,2025-06-16,10250.0,2,84.21,China
INV02582,2025-04-15,10212.0,5,0.0,China
INV02583,2025-08-26,10022.0,2,22.4,UK
INV02584,2025-05-07,10137.0,4,63.99,Germany
CINV02585,2025-07-19,10221.0,-2,76.16,France
INV02586,2025-05-14,10067.0,15,75.08,Germany
INV02587,2025-04-26,10296.0,12,28.61,France
INV02589,2025-05-05,10253.0,16,34.16,China
INV02590,2025-01-26,10024.0,8,49.02,Germany
INV02591,2025-05-17,,8,58.23,China
INV02592,2025-07-11,10158.0,4,84.02,China
INV02593,2025-02-04,10188.0,9,77.37,Germany
INV02594,2025-04-21,10255.0,4,68.26,UK
INV02595,2025-03-01,10105.0,12,27.82,Germany
INV02596,2025-06-30,10160.0,19,48.93,China
INV02597,2025-09-18,10203.0,11,34.87,UK
INV02599,2025-05-21,10231.0,14,0.0,China
INV02600,2025-11-07,10101.0,16,35.27,UK
INV02601,2025-03-19,10299.0,9,27.1,France
INV02602,2025-10-08,10002.0,5,58.05,UK
INV02603,2025-07-22,10147.0,14,8.11,France
INV02604,2025-09-30,10182.0,4,28.51,Germany
CINV02605,2025-09-29,,-19,6.39,China
INV02606,2025-07-11,10135.0,7,64.86,China
INV02607,2025-04-03,10178.0,7,57.68,UK
INV02608,2025-07-09,10182.0,14,35.07,UK
INV02609,2025-10-25,10035.0,1,16.44,China
INV02612,2025-03-07,10191.0,8,0.0,China
INV02613,2025-08-04,10098.0,11,54.07,UK
CINV02614,2025-02-07,10171.0,-4,81.04,China
INV02615,2025-08-29,10219.0,7,89.85,China
INV02617,2025-01-19,10055.0,18,69.62,Germany
INV02618,2025-08-25,10271.0,1,24.53,China
INV02620,2025-11-01,10006.0,1,0.0,China
INV02621,2025-05-22,10013.0,10,2.66,China
INV02622,2025-02-07,10060.0,17,95.64,China
INV02625,2025-07-28,10208.0,5,99.78,China
INV02627,2025-01-02,10011.0,16,46.97,UK
INV02628,2025-08-10,,6,-5.0,China
INV02629,2025-01-14,10008.0,1,-5.0,China
INV02631,2025-09-02,10167.0,12,67.23,China
INV02633,2025-07-22,10084.0,18,43.39,France
INV02634,2025-01-30,10229.0,16,32.32,Germany
INV02635,2025-01-10,10179.0,15,68.32,China
INV02636,2025-05-01,10076.0,1,15.33,France
CINV02637,2025-09-25,10130.0,-17,24.81,Germany
INV02638,2025-02-24,10032.0,15,71.71,China
INV02639,2025-11-03,10276.0,8,17.31,China
INV02640,2025-03-28,10225.0,12,43.36,China
INV02641,2025-06-28,10086.0,16,71.86,France
INV02642,2025-03-15,10202.0,18,77.02,China
INV02643,2025-06-17,10203.0,11,11.3,China
INV02644,2025-06-12,10182.0,1,85.5,Germany
INV02645,2025-01-02,10016.0,12,72.95,UK
INV02646,2025-07-24,10263.0,13,35.25,China
INV02647,2025-10-11,10286.0,2,76.85,China
INV02649,2025-04-30,10294.0,4,60.89,Germany
INV02650,2025-11-14,10278.0,17,56.73,China
INV02651,2025-11-13,10221.0,11,74.0,UK
INV02653,2025-05-15,10139.0,2,58.7,China
INV02654,2025-11-03,10073.0,1,81.25,China
CINV02655,2025-07-23,10065.0,-15,74.94,China
INV02656,2025-01-21,10249.0,8,85.87,China
INV02657,2025-04-08,10243.0,16,95.54,France
INV02658,2025-08-30,10156.0,5,20.92,China
INV02659,2025-02-27,10220.0,18,18.22,France
INV02660,2025-06-06,10038.0,18,59.46,China
INV02661,2025-10-06,10066.0,2,46.03,Germany
INV02662,2025-02-23,10258.0,13,57.93,China
CINV02663,2025-06-28,10135.0,-18,80.21,Germany
INV02664,2025-03-19,,7,93.31,China
INV02665,2025-07-13,10138.0,2,42.91,UK
INV02666,2025-03-28,10060.0,17,72.36,UK
INV02668,2025-01-28,10227.0,1,54.39,UK
INV02670,2025-10-13,10105.0,13,51.37,Germany
INV02671,2025-11-05,,2,55.44,China
INV02672,2025-11-03,10285.0,5,0.0,UK
INV02673,2025-03-09,10194.0,1,65.65,China
INV02675,2025-08-02,10081.0,1,2.56,Germany
INV02677,2025-11-13,10111.0,10,97.36,France
CINV02678,2025-07-28,10183.0,-12,92.39,China
INV02679,2025-05-15,10013.0,16,33.86,Germany
INV02680,2025-02-12,10057.0,18,0.0,UK
INV02681,2025-02-06,10236.0,3,44.77,Germany
INV02682,2025-05-21,10114.0,1,69.61,China
INV02683,2025-10-19,10129.0,3,36.97,China
INV02684,2025-07-01,10163.0,13,8.59,China
INV02685,2025-06-23,10131.0,11,41.47,China
INV02686,2025-03-30,10227.0,2,27.54,Germany
INV02687,2025-07-23,10073.0,5,33.84,China
INV02688,2025-08-18,10227.0,11,17.97,China
INV02690,2025-09-20,10111.0,7,53.61,UK
INV02691,2025-08-07,,19,28.54,China
INV02693,2025-06-02,10069.0,15,50.29,China
INV02695,2025-05-14,10019.0,17,95.69,UK
INV02696,2025-02-16,10022.0,14,14.81,China
INV02697,2025-05-31,,10,88.62,Germany
CINV02698,2025-02-16,10215.0,-9,0.0,Germany
INV02699,2025-02-12,10112.0,16,69.87,France
INV02700,2025-11-14,10186.0,11,38.68,Germany
CINV02701,2025-10-14,10114.0,-4,35.7,France
INV02702,2025-03-21,,19,2.55,China
INV02703,2025-10-29,10129.0,2,0.0,China
INV02704,2025-01-25,10093.0,14,61.44,France
INV02705,2025-04-13,,13,41.43,Germany
INV02706,2025-09-12,10123.0,12,55.29,Germany
INV02707,2025-04-20,10096.0,1,5.97,China
INV02708,2025-09-20,10160.0,10,19.02,China
INV02709,2025-11-11,10227.0,17,0.0,China
INV02710,2025-01-24,,5,52.4,China
INV02711,2025-01-09,10281.0,14,79.13,China
INV02713,2025-07-07,10198.0,19,60.94,Germany
CINV02714,2025-07-02,10287.0,-10,81.9,France
INV02715,2025-06-16,10129.0,6,8.69,Germany
INV02716,2025-06-06,10059.0,14,69.71,Germany
INV02717,2025-09-06,10224.0,10,72.13,China
INV02718,2025-07-28,10001.0,12,28.97,China
INV02719,2025-02-28,10137.0,15,21.17,Germany
INV02720,2025-08-14,,14,22.96,France
INV02721,2025-08-29,10124.0,5,21.42,France
INV02722,2025-02-10,10205.0,15,53.33,Germany
INV02723,2025-05-16,10157.0,11,15.29,France
INV02724,2025-10-12,10064.0,18,66.61,France
INV02725,2025-08-11,10095.0,13,12.3,France
INV02726,2025-02-19,10157.0,17,4.64,France
INV02727,2025-01-15,10031.0,19,33.29,China
INV02728,2025-07-29,10124.0,19,20.8,China
INV02729,2025-06-16,10124.0,15,98.89,China
INV02731,2025-07-08,,3,23.76,France
INV02733,2025-03-19,10123.0,10,38.64,China
INV02734,2025-06-11,10195.0,15,61.37,France
INV02735,2025-02-20,10167.0,12,78.63,China
INV02736,2025-07-26,,9,37.73,France
INV02737,2025-03-09,10279.0,3,63.35,China
INV02738,2025-06-27,10067.0,14,49.24,China
INV02739,2025-05-04,10010.0,9,84.96,China
INV02740,2025-03-08,10225.0,1,57.77,China
INV02741,2025-02-04,10186.0,6,30.41,China
INV02742,2025-07-04,10267.0,17,70.95,China
INV02744,2025-03-13,10005.0,8,47.61,China
INV02745,2025-05-26,10006.0,10,98.75,France
CINV02746,2025-03-22,,-2,88.15,China
INV02747,2025-10-19,,4,0.0,China
INV02748,2025-05-30,10276.0,18,79.1,China
INV02750,2025-03-30,10264.0,4,54.41,France
INV02751,2025-01-30,10065.0,4,52.37,UK
INV02752,2025-07-29,10035.0,9,85.63,UK
CINV02753,2025-08-23,,-14,61.87,China
INV02755,2025-11-10,10120.0,4,6.79,China
INV02757,2025-08-17,10158.0,18,0.0,China
INV02758,2025-05-10,10161.0,5,71.75,China
INV02759,2025-06-04,10000.0,1,6.99,UK
INV02760,2025-02-18,10037.0,19,88.63,France
INV02761,2025-06-05,10048.0,10,83.01,UK
INV02762,2025-05-12,10058.0,15,55.58,China
INV02763,2025-01-13,10028.0,7,4.2,China
INV02764,2025-03-15,10094.0,6,57.12,China
INV02765,2025-07-12,10164.0,5,0.0,China
INV02766,2025-05-13,,5,0.0,China
INV02768,2025-06-22,10140.0,3,91.47,France
INV02770,2025-08-26,10099.0,10,86.28,Germany
INV02771,2025-01-15,10066.0,18,92.0,UK
INV02772,2025-03-15,10122.0,10,4.06,Germany
INV02773,2025-09-12,10007.0,6,25.46,China
INV02774,2025-07-16,10147.0,10,71.57,China
INV02775,2025-04-19,10282.0,3,76.17,China
INV02776,2025-07-07,10119.0,16,40.46,France
CINV02778,2025-05-20,10212.0,-3,61.99,China
INV02779,2025-01-17,10038.0,12,74.5,UK
INV02780,2025-04-22,10058.0,11,72.43,Germany
INV02782,2025-10-02,10265.0,3,17.51,China
INV02783,2025-10-29,10294.0,15,15.01,UK
INV02785,2025-02-12,10185.0,10,91.53,China
CINV02786,2025-04-12,10193.0,-5,80.15,UK
INV02787,2025-01-22,10183.0,13,13.44,UK
INV02788,2025-01-02,10163.0,1,58.28,China
INV02789,2025-10-28,10296.0,7,20.35,China
INV02791,2025-02-26,10026.0,9,28.17,France
INV02792,2025-09-17,10117.0,12,83.24,France
INV02793,2025-07-12,10292.0,4,16.16,China
INV02794,2025-01-25,10121.0,9,65.33,China
INV02796,2025-11-10,10260.0,7,69.33,France
INV02797,2025-07-24,10186.0,3,9.76,China
INV02798,2025-09-12,10168.0,17,90.97,Germany
CINV02799,2025-05-24,10126.0,-15,65.02,UK
INV02800,2025-10-13,10037.0,13,46.72,China
INV02801,2025-06-10,10115.0,16,66.65,Germany
INV02803,2025-01-23,10279.0,15,48.76,Germany
INV02804,2025-03-03,10092.0,10,54.07,UK
INV02806,2025-04-14,10128.0,12,9.11,Germany
INV02807,2025-04-22,10299.0,6,79.13,China
INV02808,2025-10-12,10144.0,15,14.39,France
INV02809,2025-03-10,10113.0,9,40.67,China
INV02810,2025-07-04,10200.0,18,39.91,China
INV02811,2025-04-13,10194.0,12,29.44,China
INV02812,2025-03-13,,11,41.45,Germany
INV02814,2025-03-13,10177.0,10,32.52,France
INV02815,2025-02-03,10017.0,8,0.0,France
INV02816,2025-08-31,10122.0,8,87.2,China
INV02817,2025-11-09,10276.0,17,97.14,Germany
INV02818,2025-02-15,10118.0,15,46.94,UK
INV02819,2025-09-12,10170.0,4,34.05,China
INV02820,2025-07-14,10183.0,10,6.65,France
INV02821,2025-10-26,10211.0,8,5.61,Germany
CINV02822,2025-02-15,,-13,40.5,China
INV02824,2025-08-11,,14,73.61,China
CINV02825,2025-10-31,10160.0,-15,36.23,China
INV02826,2025-05-11,10045.0,5,96.87,China
INV02828,2025-08-14,10035.0,12,29.13,China
INV02829,2025-02-15,,5,43.78,UK
INV02831,2025-10-14,10046.0,15,88.79,France
INV02832,2025-04-19,10246.0,19,37.39,Germany
INV02833,2025-07-16,10073.0,11,66.48,China
INV02834,2025-05-20,10076.0,18,40.13,China
INV02835,2025-07-15,10256.0,1,90.37,UK
INV02838,2025-03-19,10083.0,13,14.95,China
INV02840,2025-06-07,10233.0,6,55.59,France
INV02841,2025-09-11,10299.0,6,29.94,UK
INV02842,2025-10-03,10166.0,13,88.04,China
INV02843,2025-06-23,10002.0,4,7.34,UK
INV02844,2025-06-14,,10,32.78,China
INV02845,2025-06-14,10048.0,12,54.61,France
INV02846,2025-11-07,10036.0,5,35.3,Germany
INV02847,2025-05-20,10202.0,5,48.72,Germany
INV02848,2025-04-11,10181.0,7,0.0,China
INV02849,2025-05-11,10017.0,12,14.75,France
INV02850,2025-03-12,10050.0,5,5.61,China
INV02851,2025-05-21,10176.0,8,17.45,China
INV02852,2025-02-11,10076.0,11,95.39,Germany
INV02853,2025-02-02,10205.0,4,58.39,France
INV02854,2025-09-18,,11,49.92,China
INV02855,2025-01-28,10176.0,3,0.0,Germany
INV02856,2025-07-24,10142.0,3,71.43,China
INV02857,2025-10-08,10109.0,5,15.84,Germany
INV02858,2025-09-18,10102.0,6,-5.0,Germany
INV02859,2025-06-10,10209.0,1,66.28,France
INV02860,2025-03-11,10154.0,19,48.95,France
INV02862,2025-10-28,10173.0,16,89.92,China
INV02863,2025-08-09,10062.0,18,82.69,Germany
INV02864,2025-02-01,,16,20.05,China
INV02865,2025-01-13,,16,10.96,China
INV02866,2025-04-24,10215.0,2,18.61,France
INV02867,2025-02-26,10264.0,8,78.79,China
INV02868,2025-11-06,10277.0,15,91.56,China
CINV02869,2025-03-16,10200.0,-11,92.69,UK
INV02870,2025-04-12,,1,31.23,China
INV02872,2025-10-22,,16,54.55,China
INV02873,2025-03-20,10096.0,16,82.63,China
INV02874,2025-05-19,10213.0,8,55.74,France
INV02875,2025-07-05,10025.0,5,16.3,France
INV02876,2025-08-28,10274.0,6,9.76,Germany
INV02878,2025-11-10,10196.0,7,43.73,Germany
INV02880,2025-01-15,10046.0,9,36.92,Germany
INV02881,2025-03-27,10295.0,1,39.14,Germany
INV02882,2025-07-22,10250.0,6,94.61,China
INV02883,2025-01-18,10066.0,6,8.15,France
INV02884,2025-05-08,10039.0,3,13.67,France
INV02885,2025-02-25,10244.0,17,79.39,China
INV02887,2025-01-23,,18,14.6,Germany
INV02888,2025-02-23,10199.0,11,5.38,China
INV02889,2025-03-12,10085.0,3,23.97,China
CINV02890,2025-02-23,10223.0,-18,27.56,Germany
INV02891,2025-07-24,10125.0,9,3.39,UK
INV02892,2025-05-12,10037.0,14,23.18,Germany
INV02894,2025-04-04,10161.0,10,85.83,Germany
INV02895,2025-07-13,10239.0,10,90.03,China
INV02896,2025-08-26,10006.0,6,40.21,China
INV02897,2025-08-14,10287.0,11,33.3,China
INV02898,2025-10-14,10194.0,14,99.99,UK
INV02899,2025-03-14,10262.0,1,-5.0,France
INV02900,2025-07-02,10279.0,3,54.66,UK
INV02901,2025-10-16,,17,26.97,China
INV02902,2025-11-07,10028.0,11,33.49,Germany
INV02903,2025-08-11,10233.0,19,52.51,Germany
INV02904,2025-08-23,10056.0,12,55.12,China
INV02905,2025-11-08,10044.0,13,3.34,China
INV02906,2025-08-13,10140.0,18,96.02,France
INV02908,2025-02-15,10238.0,7,59.74,Germany
INV02909,2025-05-06,10155.0,11,22.72,China
INV02910,2025-02-10,10058.0,5,76.97,Germany
INV02911,2025-02-02,10100.0,7,74.25,China
INV02912,2025-06-19,10206.0,13,11.33,China
INV02913,2025-03-23,10047.0,3,60.31,Germany
INV02914,2025-05-27,10157.0,13,66.5,China
INV02915,2025-06-07,10003.0,12,83.89,UK
INV02916,2025-08-12,10097.0,6,22.2,China
INV02918,2025-11-02,10204.0,14,47.23,China
INV02919,2025-05-17,10274.0,16,11.46,France
INV02920,2025-04-28,10043.0,14,12.35,China
INV02921,2025-10-05,10239.0,8,21.38,China
INV02922,2025-02-14,10196.0,13,29.71,China
INV02923,2025-07-14,10290.0,8,0.0,China
CINV02924,2025-06-02,10273.0,-7,75.38,Germany
INV02925,2025-03-07,10030.0,7,20.3,China
INV02926,2025-08-10,10222.0,5,99.28,China
INV02927,2025-04-26,10177.0,19,17.83,France
INV02928,2025-03-08,10033.0,13,60.74,China
CINV02929,2025-08-24,10077.0,-4,0.0,Germany
INV02930,2025-03-04,10278.0,17,83.59,China
CINV02931,2025-08-31,10162.0,-3,65.49,Germany
INV02932,2025-02-28,10101.0,12,72.12,China
INV02933,2025-06-06,10096.0,4,15.15,China
INV02934,2025-10-18,10251.0,7,2.95,China
INV02935,2025-03-24,10085.0,13,44.55,UK
INV02936,2025-10-04,10047.0,19,10.77,China
INV02937,2025-09-17,,19,37.06,UK
INV02939,2025-03-02,10054.0,5,91.8,China
INV02940,2025-09-15,10076.0,2,88.25,China
INV02942,2025-10-02,10059.0,18,71.97,UK
INV02943,2025-03-09,10195.0,6,17.1,Germany
INV02944,2025-10-23,,1,6.74,Germany
INV02945,2025-02-08,10038.0,13,66.08,China
INV02946,2025-07-31,10078.0,2,64.94,France
INV02947,2025-06-29,10279.0,1,38.2,China
INV02948,2025-07-11,10280.0,18,48.32,China
INV02949,2025-07-07,10151.0,10,49.94,China
INV02950,2025-01-12,10120.0,3,25.51,China
INV02951,2025-07-02,10245.0,13,32.79,UK
INV02953,2025-06-07,,11,61.11,China
INV02954,2025-04-10,10204.0,18,95.67,China
INV02956,2025-02-05,10065.0,13,73.65,Germany
INV02957,2025-06-25,10214.0,16,81.09,China
INV02958,2025-07-04,10183.0,9,13.12,China
INV02959,2025-06-22,10262.0,19,66.01,Germany
INV02961,2025-06-01,10184.0,9,58.1,Germany
CINV02963,2025-01-25,10083.0,-13,0.0,France
INV02964,2025-09-22,10223.0,17,95.37,China
INV02965,2025-08-02,10029.0,16,2.34,UK
INV02966,2025-03-28,10215.0,14,22.85,China
INV02967,2025-03-24,10181.0,5,19.66,China
INV02968,2025-09-17,10057.0,8,78.57,China
INV02969,2025-08-18,10019.0,17,60.61,China
INV02970,2025-08-09,10223.0,12,19.38,China
INV02971,2025-01-19,10072.0,6,81.77,Germany
INV02972,2025-08-04,10149.0,7,36.64,France
INV02974,2025-01-07,10289.0,4,39.96,China
INV02975,2025-06-18,10164.0,3,53.1,China
INV02976,2025-06-27,10279.0,15,49.05,China
INV02978,2025-04-12,10061.0,15,43.61,China
INV02979,2025-06-21,10183.0,11,91.02,UK
INV02980,2025-09-16,10181.0,19,51.28,UK
INV02981,2025-01-22,10237.0,10,91.81,China
INV02982,2025-10-16,10278.0,17,55.91,France
INV02983,2025-10-23,10246.0,17,77.34,Germany
INV02984,2025-09-17,10042.0,5,30.77,China
INV02985,2025-08-22,10092.0,19,79.46,Germany
INV02986,2025-09-27,10274.0,15,27.9,China
INV02987,2025-10-09,10164.0,3,3.92,China
INV02989,2025-06-04,10168.0,6,4.12,Germany
INV02990,2025-06-14,10014.0,1,94.81,China
INV02991,2025-08-18,,7,100.0,China
CINV02992,2025-03-11,10247.0,-19,76.7,UK
INV02993,2025-11-05,10196.0,10,12.6,China
INV02994,2025-10-05,10039.0,1,90.1,UK
INV02995,2025-08-16,10063.0,10,74.89,UK
INV02996,2025-04-19,10256.0,5,0.0,China
CINV02997,2025-05-06,10293.0,-17,51.22,Germany
INV02998,2025-06-06,10225.0,2,66.85,Germany
INV02999,2025-08-27,10029.0,15,4.36,France
